1,https://www.imdb.com/title/tt0114709/
2,https://www.imdb.com/title/tt0113189/
3,https://www.imdb.com/title/tt0113101/
4,https://www.imdb.com/title/tt0113161/
5,https://www.imdb.com/title/tt0112722/
6,https://www.imdb.com/title/tt0115012/
7,https://www.imdb.com/title/tt0114746/
8,https://www.imdb.com/title/tt0112431/
9,https://www.imdb.com/title/tt0112818/
10,https://www.imdb.com/title/tt0114279/
11,https://www.imdb.com/title/tt0114369/
12,https://www.imdb.com/title/tt0114814/
13,https://www.imdb.com/title/tt0113819/
14,https://www.imdb.com/title/tt0110877/
15,https://www.imdb.com/title/tt0113862/
16,https://www.imdb.com/title/tt0113149/
17,https://www.imdb.com/title/tt0116367/
18,https://www.imdb.com/title/tt0112445/
19,https://www.imdb.com/title/tt0112379/
20,https://www.imdb.com/title/tt0112365/
21,https://www.imdb.com/title/tt0117110/
22,https://www.imdb.com/title/tt0112573/
23,https://www.imdb.com/title/tt0075314/
24,https://www.imdb.com/title/tt0113326/
25,https://www.imdb.com/title/tt0115685/
26,https://www.imdb.com/title/tt0112585/
27,https://www.imdb.com/title/tt0112442/
28,https://www.imdb.com/title/tt0112384/
29,https://www.imdb.com/title/tt0112462/
30,https://www.imdb.com/title/tt0061395/
31,https://www.imdb.com/title/tt0112740/
32,https://www.imdb.com/title/tt0109508/
33,https://www.imdb.com/title/tt0112851/
34,https://www.imdb.com/title/tt0112887/
35,https://www.imdb.com/title/tt0113114/
36,https://www.imdb.com/title/tt0113729/
37,https://www.imdb.com/title/tt0110620/
38,https://www.imdb.com/title/tt0113957/
39,https://www.imdb.com/title/tt0114558/
40,https://www.imdb.com/title/tt0114682/
41,https://www.imdb.com/title/tt0112508/
42,https://www.imdb.com/title/tt0109445/
43,https://www.imdb.com/title/tt0109635/
44,https://www.imdb.com/title/tt0109642/
45,https://www.imdb.com/title/tt0111797/
46,https://www.imdb.com/title/tt0109759/
47,https://www.imdb.com/title/tt0109707/
48,https://www.imdb.com/title/tt0110057/
49,https://www.imdb.com/title/tt0110099/
50,https://www.imdb.com/title/tt0076759/
51,https://www.imdb.com/title/tt0110322/
52,https://www.imdb.com/title/tt0110428/
53,https://www.imdb.com/title/tt0110632/
54,https://www.imdb.com/title/tt0114069/
55,https://www.imdb.com/title/tt0110413/
56,https://www.imdb.com/title/tt0110912/
57,https://www.imdb.com/title/tt0110889/
58,https://www.imdb.com/title/tt0110932/
59,https://www.imdb.com/title/tt0111495/
60,https://www.imdb.com/title/tt0108394/
61,https://www.imdb.com/title/tt0111507/
62,https://www.imdb.com/title/tt0111282/
63,https://www.imdb.com/title/tt0111070/
64,https://www.imdb.com/title/tt0111161/
65,https://www.imdb.com/title/tt0108550/
66,https://www.imdb.com/title/tt0114924/
67,https://www.imdb.com/title/tt0109040/
68,https://www.imdb.com/title/tt0109506/
69,https://www.imdb.com/title/tt0109830/
70,https://www.imdb.com/title/tt0109831/
71,https://www.imdb.com/title/tt0110357/
72,https://www.imdb.com/title/tt0110475/
73,https://www.imdb.com/title/tt0110478/
74,https://www.imdb.com/title/tt0059170/
75,https://www.imdb.com/title/tt0109339/
76,https://www.imdb.com/title/tt0106519/
77,https://www.imdb.com/title/tt0106918/
78,https://www.imdb.com/title/tt0106965/
79,https://www.imdb.com/title/tt0106977/
80,https://www.imdb.com/title/tt0107144/
81,https://www.imdb.com/title/tt0110074/
82,https://www.imdb.com/title/tt0107290/
83,https://www.imdb.com/title/tt0107616/
84,https://www.imdb.com/title/tt0111003/
85,https://www.imdb.com/title/tt0110955/
86,https://www.imdb.com/title/tt0107943/
87,https://www.imdb.com/title/tt0108065/
88,https://www.imdb.com/title/tt0108160/
89,https://www.imdb.com/title/tt0083658/
90,https://www.imdb.com/title/tt0108174/
91,https://www.imdb.com/title/tt0107688/
92,https://www.imdb.com/title/tt0108399/
93,https://www.imdb.com/title/tt0114906/
94,https://www.imdb.com/title/tt0099785/
95,https://www.imdb.com/title/tt0103639/
96,https://www.imdb.com/title/tt0103064/
97,https://www.imdb.com/title/tt0099348/
98,https://www.imdb.com/title/tt0102926/
99,https://www.imdb.com/title/tt0029583/
100,https://www.imdb.com/title/tt0116282/
101,https://www.imdb.com/title/tt0082509/
102,https://www.imdb.com/title/tt0065421/
103,https://www.imdb.com/title/tt0115509/
104,https://www.imdb.com/title/tt0114658/
105,https://www.imdb.com/title/tt0117608/
106,https://www.imdb.com/title/tt0116095/
107,https://www.imdb.com/title/tt0117071/
108,https://www.imdb.com/title/tt0116768/
109,https://www.imdb.com/title/tt0117128/
110,https://www.imdb.com/title/tt0114048/
111,https://www.imdb.com/title/tt0117979/
112,https://www.imdb.com/title/tt0116322/
113,https://www.imdb.com/title/tt0113362/
114,https://www.imdb.com/title/tt0118114/
115,https://www.imdb.com/title/tt0113270/
116,https://www.imdb.com/title/tt0112701/
117,https://www.imdb.com/title/tt0117500/
118,https://www.imdb.com/title/tt0117998/
119,https://www.imdb.com/title/tt0110480/
120,https://www.imdb.com/title/tt0117765/
121,https://www.imdb.com/title/tt0116629/
122,https://www.imdb.com/title/tt0115798/
123,https://www.imdb.com/title/tt0116365/
124,https://www.imdb.com/title/tt0116905/
125,https://www.imdb.com/title/tt0117333/
126,https://www.imdb.com/title/tt0117718/
127,https://www.imdb.com/title/tt0068646/
128,https://www.imdb.com/title/tt0104558/
129,https://www.imdb.com/title/tt0115736/
130,https://www.imdb.com/title/tt0116745/
131,https://www.imdb.com/title/tt0054698/
132,https://www.imdb.com/title/tt0032138/
133,https://www.imdb.com/title/tt0031381/
134,https://www.imdb.com/title/tt0033467/
135,https://www.imdb.com/title/tt0062622/
136,https://www.imdb.com/title/tt0031679/
137,https://www.imdb.com/title/tt0115678/
138,https://www.imdb.com/title/tt0116000/
139,https://www.imdb.com/title/tt0064603/
140,https://www.imdb.com/title/tt0107131/
141,https://www.imdb.com/title/tt0046672/
142,https://www.imdb.com/title/tt0066817/
143,https://www.imdb.com/title/tt0059742/
144,https://www.imdb.com/title/tt0095016/
145,https://www.imdb.com/title/tt0104692/
146,https://www.imdb.com/title/tt0118044/
147,https://www.imdb.com/title/tt0116908/
148,https://www.imdb.com/title/tt0116409/
149,https://www.imdb.com/title/tt0116722/
150,https://www.imdb.com/title/tt0117802/
151,https://www.imdb.com/title/tt0067992/
152,https://www.imdb.com/title/tt0070707/
153,https://www.imdb.com/title/tt0095159/
154,https://www.imdb.com/title/tt0079470/
155,https://www.imdb.com/title/tt0092890/
156,https://www.imdb.com/title/tt0105236/
157,https://www.imdb.com/title/tt0091763/
158,https://www.imdb.com/title/tt0098627/
159,https://www.imdb.com/title/tt0103772/
160,https://www.imdb.com/title/tt0104348/
161,https://www.imdb.com/title/tt0092099/
162,https://www.imdb.com/title/tt0082846/
163,https://www.imdb.com/title/tt0072081/
164,https://www.imdb.com/title/tt0096754/
165,https://www.imdb.com/title/tt0091288/
166,https://www.imdb.com/title/tt0091480/
167,https://www.imdb.com/title/tt0081375/
168,https://www.imdb.com/title/tt0071853/
169,https://www.imdb.com/title/tt0108598/
170,https://www.imdb.com/title/tt0095765/
171,https://www.imdb.com/title/tt0101700/
172,https://www.imdb.com/title/tt0080684/
173,https://www.imdb.com/title/tt0093779/
174,https://www.imdb.com/title/tt0082971/
175,https://www.imdb.com/title/tt0088846/
176,https://www.imdb.com/title/tt0090605/
177,https://www.imdb.com/title/tt0060196/
178,https://www.imdb.com/title/tt0050083/
179,https://www.imdb.com/title/tt0066921/
180,https://www.imdb.com/title/tt0078788/
181,https://www.imdb.com/title/tt0086190/
182,https://www.imdb.com/title/tt0099685/
183,https://www.imdb.com/title/tt0078748/
184,https://www.imdb.com/title/tt0106308/
185,https://www.imdb.com/title/tt0054215/
186,https://www.imdb.com/title/tt0080455/
187,https://www.imdb.com/title/tt0071562/
188,https://www.imdb.com/title/tt0093058/
189,https://www.imdb.com/title/tt0104361/
190,https://www.imdb.com/title/tt0097499/
191,https://www.imdb.com/title/tt0086879/
192,https://www.imdb.com/title/tt0081398/
193,https://www.imdb.com/title/tt0086197/
194,https://www.imdb.com/title/tt0070735/
195,https://www.imdb.com/title/tt0088247/
196,https://www.imdb.com/title/tt0097165/
197,https://www.imdb.com/title/tt0061722/
198,https://www.imdb.com/title/tt0100263/
199,https://www.imdb.com/title/tt0050212/
200,https://www.imdb.com/title/tt0081505/
201,https://www.imdb.com/title/tt0092991/
202,https://www.imdb.com/title/tt0107048/
203,https://www.imdb.com/title/tt0105695/
204,https://www.imdb.com/title/tt0088763/
205,https://www.imdb.com/title/tt0066206/
206,https://www.imdb.com/title/tt0094625/
207,https://www.imdb.com/title/tt0099334/
208,https://www.imdb.com/title/tt0072431/
209,https://www.imdb.com/title/tt0088258/
210,https://www.imdb.com/title/tt0097576/
211,https://www.imdb.com/title/tt0066026/
212,https://www.imdb.com/title/tt0096332/
213,https://www.imdb.com/title/tt0091867/
214,https://www.imdb.com/title/tt0084503/
215,https://www.imdb.com/title/tt0097351/
216,https://www.imdb.com/title/tt0098635/
217,https://www.imdb.com/title/tt0103874/
218,https://www.imdb.com/title/tt0101540/
219,https://www.imdb.com/title/tt0087800/
220,https://www.imdb.com/title/tt0117057/
221,https://www.imdb.com/title/tt0115751/
222,https://www.imdb.com/title/tt0117731/
223,https://www.imdb.com/title/tt0117666/
224,https://www.imdb.com/title/tt0117477/
225,https://www.imdb.com/title/tt0115433/
226,https://www.imdb.com/title/tt0099423/
227,https://www.imdb.com/title/tt0102975/
228,https://www.imdb.com/title/tt0084726/
229,https://www.imdb.com/title/tt0088170/
230,https://www.imdb.com/title/tt0092007/
231,https://www.imdb.com/title/tt0103776/
232,https://www.imdb.com/title/tt0096487/
233,https://www.imdb.com/title/tt0105690/
234,https://www.imdb.com/title/tt0073195/
235,https://www.imdb.com/title/tt0116996/
236,https://www.imdb.com/title/tt0115906/
237,https://www.imdb.com/title/tt0116695/
238,https://www.imdb.com/title/tt0093822/
239,https://www.imdb.com/title/tt0105435/
240,https://www.imdb.com/title/tt0115641/
241,https://www.imdb.com/title/tt0104691/
242,https://www.imdb.com/title/tt0116790/
243,https://www.imdb.com/title/tt0119432/
244,https://www.imdb.com/title/tt0120152/
245,https://www.imdb.com/title/tt0118972/
246,https://www.imdb.com/title/tt0118842/
247,https://www.imdb.com/title/tt0120389/
248,https://www.imdb.com/title/tt0119229/
249,https://www.imdb.com/title/tt0118655/
250,https://www.imdb.com/title/tt0119116/
251,https://www.imdb.com/title/tt0117615/
252,https://www.imdb.com/title/tt0119567/
253,https://www.imdb.com/title/tt0114134/
254,https://www.imdb.com/title/tt0118688/
255,https://www.imdb.com/title/tt0119738/
256,https://www.imdb.com/title/tt0115856/
257,https://www.imdb.com/title/tt0119654/
258,https://www.imdb.com/title/tt0118884/
259,https://www.imdb.com/title/tt0119190/
260,https://www.imdb.com/title/tt0119081/
261,https://www.imdb.com/title/tt0118570/
262,https://www.imdb.com/title/tt0119361/
263,https://www.imdb.com/title/tt0120207/
264,https://www.imdb.com/title/tt0119675/
265,https://www.imdb.com/title/tt0099810/
266,https://www.imdb.com/title/tt0119484/
267,https://www.imdb.com/title/tt1401152/
268,https://www.imdb.com/title/tt0118842/
269,https://www.imdb.com/title/tt0119164/
270,https://www.imdb.com/title/tt0119177/
271,https://www.imdb.com/title/tt0120201/
272,https://www.imdb.com/title/tt0119217/
273,https://www.imdb.com/title/tt0113277/
274,https://www.imdb.com/title/tt0114319/
275,https://www.imdb.com/title/tt0114388/
276,https://www.imdb.com/title/tt0113627/
277,https://www.imdb.com/title/tt0114272/
278,https://www.imdb.com/title/tt0115644/
279,https://www.imdb.com/title/tt0114039/
280,https://www.imdb.com/title/tt0118055/
281,https://www.imdb.com/title/tt0110997/
282,https://www.imdb.com/title/tt0117913/
283,https://www.imdb.com/title/tt0116191/
284,https://www.imdb.com/title/tt0117918/
285,https://www.imdb.com/title/tt0117589/
286,https://www.imdb.com/title/tt0116209/
287,https://www.imdb.com/title/tt0116999/
288,https://www.imdb.com/title/tt0117571/
289,https://www.imdb.com/title/tt0116250/
290,https://www.imdb.com/title/tt0119115/
291,https://www.imdb.com/title/tt0118548/
292,https://www.imdb.com/title/tt0120036/
293,https://www.imdb.com/title/tt0119008/
294,https://www.imdb.com/title/tt0119528/
295,https://www.imdb.com/title/tt0118771/
296,https://www.imdb.com/title/tt0117398/
297,https://www.imdb.com/title/tt0120402/
298,https://www.imdb.com/title/tt0119094/
299,https://www.imdb.com/title/tt0119311/
300,https://www.imdb.com/title/tt0118571/
301,https://www.imdb.com/title/tt0119360/
302,https://www.imdb.com/title/tt0119488/
303,https://www.imdb.com/title/tt0120402/
304,https://www.imdb.com/title/tt0116329/
305,https://www.imdb.com/title/tt0119349/
306,https://www.imdb.com/title/tt0119280/
307,https://www.imdb.com/title/tt0118971/
308,https://www.imdb.com/title/tt0119095/
309,https://www.imdb.com/title/tt0119527/
310,https://www.imdb.com/title/tt0119978/
311,https://www.imdb.com/title/tt0120520/
312,https://www.imdb.com/title/tt0119668/
313,https://www.imdb.com/title/tt0120338/
314,https://www.imdb.com/title/tt0118539/
315,https://www.imdb.com/title/tt0118636/
316,https://www.imdb.com/title/tt0119822/
317,https://www.imdb.com/title/tt0107207/
318,https://www.imdb.com/title/tt0108052/
319,https://www.imdb.com/title/tt0116242/
320,https://www.imdb.com/title/tt0117293/
321,https://www.imdb.com/title/tt0117091/
322,https://www.imdb.com/title/tt0119731/
323,https://www.imdb.com/title/tt0118928/
324,https://www.imdb.com/title/tt0116922/
325,https://www.imdb.com/title/tt0115964/
326,https://www.imdb.com/title/tt0119173/
327,https://www.imdb.com/title/tt0118887/
328,https://www.imdb.com/title/tt0118883/
329,https://www.imdb.com/title/tt0118966/
330,https://www.imdb.com/title/tt0118531/
331,https://www.imdb.com/title/tt0119051/
332,https://www.imdb.com/title/tt0119468/
333,https://www.imdb.com/title/tt0119174/
334,https://www.imdb.com/title/tt0120399/
335,https://www.imdb.com/title/tt0119326/
336,https://www.imdb.com/title/tt0119906/
337,https://www.imdb.com/title/tt0119324/
338,https://www.imdb.com/title/tt0118689/
339,https://www.imdb.com/title/tt0119592/
340,https://www.imdb.com/title/tt0118749/
341,https://www.imdb.com/title/tt0118901/
342,https://www.imdb.com/title/tt0120483/
343,https://www.imdb.com/title/tt0118583/
344,https://www.imdb.com/title/tt0118632/
345,https://www.imdb.com/title/tt0118954/
346,https://www.imdb.com/title/tt0119396/
347,https://www.imdb.com/title/tt0120885/
348,https://www.imdb.com/title/tt0118966/
349,https://www.imdb.com/title/tt0120696/
350,https://www.imdb.com/title/tt0119099/
351,https://www.imdb.com/title/tt0118643/
352,https://www.imdb.com/title/tt0120185/
353,https://www.imdb.com/title/tt0118956/
354,https://www.imdb.com/title/tt0120888/
355,https://www.imdb.com/title/tt0120184/
356,https://www.imdb.com/title/tt0109446/
357,https://www.imdb.com/title/tt0073486/
358,https://www.imdb.com/title/tt0120177/
359,https://www.imdb.com/title/tt0118647/
360,https://www.imdb.com/title/tt0120529/
361,https://www.imdb.com/title/tt0119365/
362,https://www.imdb.com/title/tt0118747/
363,https://www.imdb.com/title/tt0114576/
364,https://www.imdb.com/title/tt0112281/
365,https://www.imdb.com/title/tt0114168/
366,https://www.imdb.com/title/tt0112792/
367,https://www.imdb.com/title/tt0112697/
368,https://www.imdb.com/title/tt0115683/
369,https://www.imdb.com/title/tt0115697/
370,https://www.imdb.com/title/tt0117002/
371,https://www.imdb.com/title/tt0112579/
372,https://www.imdb.com/title/tt0113464/
373,https://www.imdb.com/title/tt0113492/
374,https://www.imdb.com/title/tt0113820/
375,https://www.imdb.com/title/tt0114436/
376,https://www.imdb.com/title/tt0110066/
377,https://www.imdb.com/title/tt0110006/
378,https://www.imdb.com/title/tt0110527/
379,https://www.imdb.com/title/tt0114608/
380,https://www.imdb.com/title/tt0111280/
381,https://www.imdb.com/title/tt0110598/
382,https://www.imdb.com/title/tt0109045/
383,https://www.imdb.com/title/tt0109813/
384,https://www.imdb.com/title/tt0110622/
385,https://www.imdb.com/title/tt0111503/
386,https://www.imdb.com/title/tt0106220/
387,https://www.imdb.com/title/tt0106226/
388,https://www.imdb.com/title/tt0109254/
389,https://www.imdb.com/title/tt0109279/
390,https://www.imdb.com/title/tt0106880/
391,https://www.imdb.com/title/tt0107362/
392,https://www.imdb.com/title/tt0107501/
393,https://www.imdb.com/title/tt0107614/
394,https://www.imdb.com/title/tt0110939/
395,https://www.imdb.com/title/tt0107977/
396,https://www.imdb.com/title/tt0111127/
397,https://www.imdb.com/title/tt0108238/
398,https://www.imdb.com/title/tt0108255/
399,https://www.imdb.com/title/tt0108333/
400,https://www.imdb.com/title/tt0110366/
401,https://www.imdb.com/title/tt0112572/
402,https://www.imdb.com/title/tt0099653/
403,https://www.imdb.com/title/tt0096895/
404,https://www.imdb.com/title/tt0032910/
405,https://www.imdb.com/title/tt0117060/
406,https://www.imdb.com/title/tt0117894/
407,https://www.imdb.com/title/tt0117723/
408,https://www.imdb.com/title/tt0112691/
409,https://www.imdb.com/title/tt0116669/
410,https://www.imdb.com/title/tt0116778/
411,https://www.imdb.com/title/tt0117218/
412,https://www.imdb.com/title/tt0118073/
413,https://www.imdb.com/title/tt0117826/
414,https://www.imdb.com/title/tt0084370/
415,https://www.imdb.com/title/tt0072653/
416,https://www.imdb.com/title/tt0050798/
417,https://www.imdb.com/title/tt0055277/
418,https://www.imdb.com/title/tt0042332/
419,https://www.imdb.com/title/tt0058331/
420,https://www.imdb.com/title/tt0043274/
421,https://www.imdb.com/title/tt0117509/
422,https://www.imdb.com/title/tt0115491/
423,https://www.imdb.com/title/tt0083866/
424,https://www.imdb.com/title/tt0115885/
425,https://www.imdb.com/title/tt0103850/
426,https://www.imdb.com/title/tt0092106/
427,https://www.imdb.com/title/tt0056592/
428,https://www.imdb.com/title/tt0067185/
429,https://www.imdb.com/title/tt0043456/
430,https://www.imdb.com/title/tt0023969/
431,https://www.imdb.com/title/tt0091203/
432,https://www.imdb.com/title/tt0032455/
433,https://www.imdb.com/title/tt0097493/
434,https://www.imdb.com/title/tt0049223/
435,https://www.imdb.com/title/tt0064115/
436,https://www.imdb.com/title/tt0082010/
437,https://www.imdb.com/title/tt0103678/
438,https://www.imdb.com/title/tt0085159/
439,https://www.imdb.com/title/tt0106262/
440,https://www.imdb.com/title/tt0083550/
441,https://www.imdb.com/title/tt0078767/
442,https://www.imdb.com/title/tt0099030/
443,https://www.imdb.com/title/tt0056869/
444,https://www.imdb.com/title/tt0051418/
445,https://www.imdb.com/title/tt0037549/
446,https://www.imdb.com/title/tt0074258/
447,https://www.imdb.com/title/tt0074285/
448,https://www.imdb.com/title/tt0075005/
449,https://www.imdb.com/title/tt0079945/
450,https://www.imdb.com/title/tt0098382/
451,https://www.imdb.com/title/tt0077631/
452,https://www.imdb.com/title/tt0077766/
453,https://www.imdb.com/title/tt0085750/
454,https://www.imdb.com/title/tt0115633/
455,https://www.imdb.com/title/tt0116704/
456,https://www.imdb.com/title/tt0118708/
457,https://www.imdb.com/title/tt0119152/
458,https://www.imdb.com/title/tt0113987/
459,https://www.imdb.com/title/tt0112749/
460,https://www.imdb.com/title/tt0112744/
461,https://www.imdb.com/title/tt0114478/
462,https://www.imdb.com/title/tt0103994/
463,https://www.imdb.com/title/tt0111112/
464,https://www.imdb.com/title/tt0111590/
465,https://www.imdb.com/title/tt0110213/
466,https://www.imdb.com/title/tt0105226/
467,https://www.imdb.com/title/tt0106489/
468,https://www.imdb.com/title/tt0108002/
469,https://www.imdb.com/title/tt0108122/
470,https://www.imdb.com/title/tt0108358/
471,https://www.imdb.com/title/tt0115956/
472,https://www.imdb.com/title/tt0116136/
473,https://www.imdb.com/title/tt0116683/
474,https://www.imdb.com/title/tt0057012/
475,https://www.imdb.com/title/tt0117951/
476,https://www.imdb.com/title/tt0116313/
477,https://www.imdb.com/title/tt0117008/
478,https://www.imdb.com/title/tt0032904/
479,https://www.imdb.com/title/tt0052357/
480,https://www.imdb.com/title/tt0053125/
481,https://www.imdb.com/title/tt0053604/
482,https://www.imdb.com/title/tt0053291/
483,https://www.imdb.com/title/tt0034583/
484,https://www.imdb.com/title/tt0033870/
485,https://www.imdb.com/title/tt0058385/
486,https://www.imdb.com/title/tt0047437/
487,https://www.imdb.com/title/tt0046250/
488,https://www.imdb.com/title/tt0043014/
489,https://www.imdb.com/title/tt0038787/
490,https://www.imdb.com/title/tt0048728/
491,https://www.imdb.com/title/tt0029843/
492,https://www.imdb.com/title/tt0048028/
493,https://www.imdb.com/title/tt0025878/
494,https://www.imdb.com/title/tt0032599/
495,https://www.imdb.com/title/tt0048960/
496,https://www.imdb.com/title/tt0038650/
497,https://www.imdb.com/title/tt0029947/
498,https://www.imdb.com/title/tt0043265/
499,https://www.imdb.com/title/tt0051459/
500,https://www.imdb.com/title/tt0116329/
501,https://www.imdb.com/title/tt0033563/
502,https://www.imdb.com/title/tt0066808/
503,https://www.imdb.com/title/tt0068334/
504,https://www.imdb.com/title/tt0061418/
505,https://www.imdb.com/title/tt0046912/
506,https://www.imdb.com/title/tt0048545/
507,https://www.imdb.com/title/tt0044081/
508,https://www.imdb.com/title/tt0117318/
509,https://www.imdb.com/title/tt0097937/
510,https://www.imdb.com/title/tt0054047/
511,https://www.imdb.com/title/tt0056172/
512,https://www.imdb.com/title/tt0093191/
513,https://www.imdb.com/title/tt0041959/
514,https://www.imdb.com/title/tt0075686/
515,https://www.imdb.com/title/tt0082096/
516,https://www.imdb.com/title/tt0085859/
517,https://www.imdb.com/title/tt0079522/
518,https://www.imdb.com/title/tt0100150/
519,https://www.imdb.com/title/tt0040897/
520,https://www.imdb.com/title/tt0057115/
521,https://www.imdb.com/title/tt0077416/
522,https://www.imdb.com/title/tt0090967/
523,https://www.imdb.com/title/tt0061512/
524,https://www.imdb.com/title/tt0032553/
525,https://www.imdb.com/title/tt0038355/
526,https://www.imdb.com/title/tt0052618/
527,https://www.imdb.com/title/tt0083987/
528,https://www.imdb.com/title/tt0087553/
529,https://www.imdb.com/title/tt0089606/
530,https://www.imdb.com/title/tt0073341/
531,https://www.imdb.com/title/tt0117631/
532,https://www.imdb.com/title/tt0116743/
533,https://www.imdb.com/title/tt0116041/
534,https://www.imdb.com/title/tt0120366/
535,https://www.imdb.com/title/tt0118556/
536,https://www.imdb.com/title/tt0117359/
537,https://www.imdb.com/title/tt0102494/
538,https://www.imdb.com/title/tt0118617/
539,https://www.imdb.com/title/tt0119715/
540,https://www.imdb.com/title/tt0113845/
541,https://www.imdb.com/title/tt0113855/
542,https://www.imdb.com/title/tt0114148/
543,https://www.imdb.com/title/tt0113828/
544,https://www.imdb.com/title/tt0114660/
545,https://www.imdb.com/title/tt0114825/
546,https://www.imdb.com/title/tt0115759/
547,https://www.imdb.com/title/tt0115033/
548,https://www.imdb.com/title/tt0110647/
549,https://www.imdb.com/title/tt0114287/
550,https://www.imdb.com/title/tt0112864/
551,https://www.imdb.com/title/tt0113690/
552,https://www.imdb.com/title/tt0114508/
553,https://www.imdb.com/title/tt0114887/
554,https://www.imdb.com/title/tt0114898/
555,https://www.imdb.com/title/tt0114928/
556,https://www.imdb.com/title/tt0114938/
557,https://www.imdb.com/title/tt0109771/
558,https://www.imdb.com/title/tt0110005/
559,https://www.imdb.com/title/tt0110148/
560,https://www.imdb.com/title/tt0113538/
561,https://www.imdb.com/title/tt0109836/
562,https://www.imdb.com/title/tt0114214/
563,https://www.imdb.com/title/tt0112040/
564,https://www.imdb.com/title/tt0114609/
565,https://www.imdb.com/title/tt0114852/
566,https://www.imdb.com/title/tt0109444/
567,https://www.imdb.com/title/tt0111686/
568,https://www.imdb.com/title/tt0111257/
569,https://www.imdb.com/title/tt0111742/
570,https://www.imdb.com/title/tt0111756/
571,https://www.imdb.com/title/tt0106292/
572,https://www.imdb.com/title/tt0109303/
573,https://www.imdb.com/title/tt0106452/
574,https://www.imdb.com/title/tt0106471/
575,https://www.imdb.com/title/tt0109439/
576,https://www.imdb.com/title/tt0106582/
577,https://www.imdb.com/title/tt0106598/
578,https://www.imdb.com/title/tt0106697/
579,https://www.imdb.com/title/tt0106873/
580,https://www.imdb.com/title/tt0112966/
581,https://www.imdb.com/title/tt0107302/
582,https://www.imdb.com/title/tt0107822/
583,https://www.imdb.com/title/tt0107983/
584,https://www.imdb.com/title/tt0108071/
585,https://www.imdb.com/title/tt0108186/
586,https://www.imdb.com/title/tt0111400/
587,https://www.imdb.com/title/tt0107146/
588,https://www.imdb.com/title/tt0101414/
589,https://www.imdb.com/title/tt0065214/
590,https://www.imdb.com/title/tt0116514/
591,https://www.imdb.com/title/tt0117381/
592,https://www.imdb.com/title/tt0114736/
593,https://www.imdb.com/title/tt0108211/
594,https://www.imdb.com/title/tt0113280/
595,https://www.imdb.com/title/tt0116277/
596,https://www.imdb.com/title/tt0116583/
597,https://www.imdb.com/title/tt0116213/
598,https://www.imdb.com/title/tt0115680/
599,https://www.imdb.com/title/tt0106544/
600,https://www.imdb.com/title/tt0117496/
601,https://www.imdb.com/title/tt0035896/
602,https://www.imdb.com/title/tt0043278/
603,https://www.imdb.com/title/tt0047396/
604,https://www.imdb.com/title/tt0025316/
605,https://www.imdb.com/title/tt0037059/
606,https://www.imdb.com/title/tt0042192/
607,https://www.imdb.com/title/tt0032976/
608,https://www.imdb.com/title/tt0038109/
609,https://www.imdb.com/title/tt0042451/
610,https://www.imdb.com/title/tt0051658/
611,https://www.imdb.com/title/tt0037008/
612,https://www.imdb.com/title/tt0029162/
613,https://www.imdb.com/title/tt0028010/
614,https://www.imdb.com/title/tt0049261/
615,https://www.imdb.com/title/tt0026029/
616,https://www.imdb.com/title/tt0063350/
617,https://www.imdb.com/title/tt0020697/
618,https://www.imdb.com/title/tt0048491/
619,https://www.imdb.com/title/tt0116259/
620,https://www.imdb.com/title/tt0115862/
621,https://www.imdb.com/title/tt0047977/
622,https://www.imdb.com/title/tt0054357/
623,https://www.imdb.com/title/tt0109127/
624,https://www.imdb.com/title/tt0038166/
625,https://www.imdb.com/title/tt0057546/
626,https://www.imdb.com/title/tt0041890/
627,https://www.imdb.com/title/tt0102798/
628,https://www.imdb.com/title/tt0117665/
629,https://www.imdb.com/title/tt0084865/
630,https://www.imdb.com/title/tt0059243/
631,https://www.imdb.com/title/tt0104036/
632,https://www.imdb.com/title/tt0084707/
633,https://www.imdb.com/title/tt0029992/
634,https://www.imdb.com/title/tt0117040/
635,https://www.imdb.com/title/tt0080749/
636,https://www.imdb.com/title/tt0082340/
637,https://www.imdb.com/title/tt0082533/
638,https://www.imdb.com/title/tt0084589/
639,https://www.imdb.com/title/tt0078875/
640,https://www.imdb.com/title/tt0097108/
641,https://www.imdb.com/title/tt0050825/
642,https://www.imdb.com/title/tt0099703/
643,https://www.imdb.com/title/tt0110139/
644,https://www.imdb.com/title/tt0096257/
645,https://www.imdb.com/title/tt0100332/
646,https://www.imdb.com/title/tt0064116/
647,https://www.imdb.com/title/tt0089881/
648,https://www.imdb.com/title/tt0045061/
649,https://www.imdb.com/title/tt0087843/
650,https://www.imdb.com/title/tt0050976/
651,https://www.imdb.com/title/tt0097441/
652,https://www.imdb.com/title/tt0100519/
653,https://www.imdb.com/title/tt0052311/
654,https://www.imdb.com/title/tt0071315/
655,https://www.imdb.com/title/tt0092005/
656,https://www.imdb.com/title/tt0022100/
657,https://www.imdb.com/title/tt0056218/
658,https://www.imdb.com/title/tt0100436/
659,https://www.imdb.com/title/tt0036613/
660,https://www.imdb.com/title/tt0101921/
661,https://www.imdb.com/title/tt0044706/
662,https://www.imdb.com/title/tt0081534/
663,https://www.imdb.com/title/tt0078841/
664,https://www.imdb.com/title/tt0087884/
665,https://www.imdb.com/title/tt0103644/
666,https://www.imdb.com/title/tt0071233/
667,https://www.imdb.com/title/tt0075704/
668,https://www.imdb.com/title/tt0082083/
669,https://www.imdb.com/title/tt0101492/
670,https://www.imdb.com/title/tt0106452/
671,https://www.imdb.com/title/tt0026138/
672,https://www.imdb.com/title/tt0103919/
673,https://www.imdb.com/title/tt0055824/
674,https://www.imdb.com/title/tt0083722/
675,https://www.imdb.com/title/tt0013442/
676,https://www.imdb.com/title/tt0115988/
677,https://www.imdb.com/title/tt0116310/
678,https://www.imdb.com/title/tt0120461/
679,https://www.imdb.com/title/tt0082198/
680,https://www.imdb.com/title/tt0119484/
681,https://www.imdb.com/title/tt0120524/
682,https://www.imdb.com/title/tt0119345/
683,https://www.imdb.com/title/tt0120029/
684,https://www.imdb.com/title/tt0107206/
685,https://www.imdb.com/title/tt0116253/
686,https://www.imdb.com/title/tt0107808/
687,https://www.imdb.com/title/tt0119640/
688,https://www.imdb.com/title/tt0119509/
689,https://www.imdb.com/title/tt0119395/
690,https://www.imdb.com/title/tt0120102/
691,https://www.imdb.com/title/tt0118929/
692,https://www.imdb.com/title/tt0112346/
693,https://www.imdb.com/title/tt0112641/
694,https://www.imdb.com/title/tt0114117/
695,https://www.imdb.com/title/tt0113537/
696,https://www.imdb.com/title/tt0115907/
697,https://www.imdb.com/title/tt0112461/
698,https://www.imdb.com/title/tt0109340/
699,https://www.imdb.com/title/tt0110367/
700,https://www.imdb.com/title/tt0113808/
701,https://www.imdb.com/title/tt0107472/
702,https://www.imdb.com/title/tt0109219/
703,https://www.imdb.com/title/tt0111712/
704,https://www.imdb.com/title/tt0107151/
705,https://www.imdb.com/title/tt0045152/
706,https://www.imdb.com/title/tt0115610/
707,https://www.imdb.com/title/tt0101811/
708,https://www.imdb.com/title/tt0098724/
709,https://www.imdb.com/title/tt0105488/
710,https://www.imdb.com/title/tt0088794/
711,https://www.imdb.com/title/tt0117773/
712,https://www.imdb.com/title/tt0094155/
713,https://www.imdb.com/title/tt0114057/
714,https://www.imdb.com/title/tt0112637/
715,https://www.imdb.com/title/tt0114681/
716,https://www.imdb.com/title/tt0113321/
717,https://www.imdb.com/title/tt0116731/
718,https://www.imdb.com/title/tt0113403/
719,https://www.imdb.com/title/tt0109370/
720,https://www.imdb.com/title/tt0113071/
721,https://www.imdb.com/title/tt0113749/
722,https://www.imdb.com/title/tt0113986/
723,https://www.imdb.com/title/tt0112571/
724,https://www.imdb.com/title/tt0112679/
725,https://www.imdb.com/title/tt0109758/
726,https://www.imdb.com/title/tt0113089/
727,https://www.imdb.com/title/tt0110116/
728,https://www.imdb.com/title/tt0110216/
729,https://www.imdb.com/title/tt0110638/
730,https://www.imdb.com/title/tt0110963/
731,https://www.imdb.com/title/tt0109484/
732,https://www.imdb.com/title/tt0106673/
733,https://www.imdb.com/title/tt0109913/
734,https://www.imdb.com/title/tt0107478/
735,https://www.imdb.com/title/tt0107818/
736,https://www.imdb.com/title/tt0108101/
737,https://www.imdb.com/title/tt0111201/
738,https://www.imdb.com/title/tt0111418/
739,https://www.imdb.com/title/tt0100405/
740,https://www.imdb.com/title/tt0116684/
741,https://www.imdb.com/title/tt0113613/
742,https://www.imdb.com/title/tt0117438/
743,https://www.imdb.com/title/tt0115986/
744,https://www.imdb.com/title/tt0117039/
745,https://www.imdb.com/title/tt0069198/
746,https://www.imdb.com/title/tt0089886/
747,https://www.imdb.com/title/tt0106387/
748,https://www.imdb.com/title/tt0120053/
749,https://www.imdb.com/title/tt0119632/
750,https://www.imdb.com/title/tt0118607/
751,https://www.imdb.com/title/tt0120347/
752,https://www.imdb.com/title/tt0120008/
753,https://www.imdb.com/title/tt0111579/
754,https://www.imdb.com/title/tt0119994/
755,https://www.imdb.com/title/tt0113497/
756,https://www.imdb.com/title/tt0113041/
757,https://www.imdb.com/title/tt0112286/
758,https://www.imdb.com/title/tt0116839/
759,https://www.imdb.com/title/tt0113010/
760,https://www.imdb.com/title/tt0114367/
761,https://www.imdb.com/title/tt0113972/
762,https://www.imdb.com/title/tt0115639/
763,https://www.imdb.com/title/tt0116483/
764,https://www.imdb.com/title/tt0116606/
765,https://www.imdb.com/title/tt0103859/
766,https://www.imdb.com/title/tt0113756/
767,https://www.imdb.com/title/tt0112288/
768,https://www.imdb.com/title/tt0112642/
769,https://www.imdb.com/title/tt0112715/
770,https://www.imdb.com/title/tt0112857/
771,https://www.imdb.com/title/tt0113481/
772,https://www.imdb.com/title/tt0113540/
773,https://www.imdb.com/title/tt0110604/
774,https://www.imdb.com/title/tt0114194/
775,https://www.imdb.com/title/tt0114496/
776,https://www.imdb.com/title/tt0114663/
777,https://www.imdb.com/title/tt0112643/
778,https://www.imdb.com/title/tt0112883/
779,https://www.imdb.com/title/tt0109676/
780,https://www.imdb.com/title/tt0109686/
781,https://www.imdb.com/title/tt0113117/
782,https://www.imdb.com/title/tt0110365/
783,https://www.imdb.com/title/tt0110516/
784,https://www.imdb.com/title/tt0106402/
785,https://www.imdb.com/title/tt0110737/
786,https://www.imdb.com/title/tt0114113/
787,https://www.imdb.com/title/tt0114296/
788,https://www.imdb.com/title/tt0110965/
789,https://www.imdb.com/title/tt0114594/
790,https://www.imdb.com/title/tt0114694/
791,https://www.imdb.com/title/tt0112435/
792,https://www.imdb.com/title/tt0109348/
793,https://www.imdb.com/title/tt0109504/
794,https://www.imdb.com/title/tt0110167/
795,https://www.imdb.com/title/tt0110989/
796,https://www.imdb.com/title/tt0111256/
797,https://www.imdb.com/title/tt0111438/
798,https://www.imdb.com/title/tt0112443/
799,https://www.imdb.com/title/tt0112570/
800,https://www.imdb.com/title/tt0113409/
801,https://www.imdb.com/title/tt0109067/
802,https://www.imdb.com/title/tt0107076/
803,https://www.imdb.com/title/tt0107096/
804,https://www.imdb.com/title/tt0110197/
805,https://www.imdb.com/title/tt0107507/
806,https://www.imdb.com/title/tt0107554/
807,https://www.imdb.com/title/tt0107840/
808,https://www.imdb.com/title/tt0107889/
809,https://www.imdb.com/title/tt0107969/
810,https://www.imdb.com/title/tt0111143/
811,https://www.imdb.com/title/tt0108328/
812,https://www.imdb.com/title/tt0109120/
813,https://www.imdb.com/title/tt0112651/
814,https://www.imdb.com/title/tt0109934/
815,https://www.imdb.com/title/tt0117247/
816,https://www.imdb.com/title/tt0112625/
817,https://www.imdb.com/title/tt0113122/
818,https://www.imdb.com/title/tt0116414/
819,https://www.imdb.com/title/tt0116168/
820,https://www.imdb.com/title/tt0117705/
821,https://www.imdb.com/title/tt0117104/
822,https://www.imdb.com/title/tt0062952/
823,https://www.imdb.com/title/tt0117107/
824,https://www.imdb.com/title/tt0116448/
825,https://www.imdb.com/title/tt0115571/
826,https://www.imdb.com/title/tt0117331/
827,https://www.imdb.com/title/tt0116040/
828,https://www.imdb.com/title/tt0115493/
829,https://www.imdb.com/title/tt0116320/
830,https://www.imdb.com/title/tt0114170/
831,https://www.imdb.com/title/tt0116225/
832,https://www.imdb.com/title/tt0115725/
833,https://www.imdb.com/title/tt0115783/
834,https://www.imdb.com/title/tt0113253/
835,https://www.imdb.com/title/tt0025164/
836,https://www.imdb.com/title/tt0031725/
837,https://www.imdb.com/title/tt0033891/
838,https://www.imdb.com/title/tt0095337/
839,https://www.imdb.com/title/tt0113682/
840,https://www.imdb.com/title/tt0116830/
841,https://www.imdb.com/title/tt0116421/
842,https://www.imdb.com/title/tt0054195/
843,https://www.imdb.com/title/tt0053271/
844,https://www.imdb.com/title/tt0116361/
845,https://www.imdb.com/title/tt0117887/
846,https://www.imdb.com/title/tt0117924/
847,https://www.imdb.com/title/tt0116913/
848,https://www.imdb.com/title/tt0037101/
849,https://www.imdb.com/title/tt0099371/
850,https://www.imdb.com/title/tt0117320/
851,https://www.imdb.com/title/tt0060304/
852,https://www.imdb.com/title/tt0115715/
853,https://www.imdb.com/title/tt0103873/
854,https://www.imdb.com/title/tt0092610/
855,https://www.imdb.com/title/tt0082269/
856,https://www.imdb.com/title/tt0102536/
857,https://www.imdb.com/title/tt0114093/
858,https://www.imdb.com/title/tt0115535/
859,https://www.imdb.com/title/tt0090655/
860,https://www.imdb.com/title/tt0092632/
861,https://www.imdb.com/title/tt0091651/
862,https://www.imdb.com/title/tt0116705/
863,https://www.imdb.com/title/tt0065777/
864,https://www.imdb.com/title/tt0117119/
865,https://www.imdb.com/title/tt0119349/
866,https://www.imdb.com/title/tt0117038/
867,https://www.imdb.com/title/tt0118163/
868,https://www.imdb.com/title/tt0116506/
869,https://www.imdb.com/title/tt0119141/
870,https://www.imdb.com/title/tt0120357/
871,https://www.imdb.com/title/tt0120434/
872,https://www.imdb.com/title/tt0119572/
873,https://www.imdb.com/title/tt0119896/
874,https://www.imdb.com/title/tt0118818/
875,https://www.imdb.com/title/tt0120112/
876,https://www.imdb.com/title/tt0119695/
877,https://www.imdb.com/title/tt0119086/
878,https://www.imdb.com/title/tt0120317/
879,https://www.imdb.com/title/tt0119874/
880,https://www.imdb.com/title/tt0120169/
881,https://www.imdb.com/title/tt0119695/
882,https://www.imdb.com/title/tt0120481/
883,https://www.imdb.com/title/tt0120303/
884,https://www.imdb.com/title/tt0120539/
885,https://www.imdb.com/title/tt0119891/
886,https://www.imdb.com/title/tt0119535/
887,https://www.imdb.com/title/tt0119080/
888,https://www.imdb.com/title/tt0119832/
889,https://www.imdb.com/title/tt0120275/
890,https://www.imdb.com/title/tt0119707/
891,https://www.imdb.com/title/tt0118698/
892,https://www.imdb.com/title/tt0119137/
893,https://www.imdb.com/title/tt0119142/
894,https://www.imdb.com/title/tt0119303/
895,https://www.imdb.com/title/tt0120082/
896,https://www.imdb.com/title/tt0120255/
897,https://www.imdb.com/title/tt0128755/
898,https://www.imdb.com/title/tt0119925/
899,https://www.imdb.com/title/tt0120521/
900,https://www.imdb.com/title/tt0119485/
901,https://www.imdb.com/title/tt0119718/
902,https://www.imdb.com/title/tt0118715/
903,https://www.imdb.com/title/tt0118566/
904,https://www.imdb.com/title/tt0119590/
905,https://www.imdb.com/title/tt0119223/
906,https://www.imdb.com/title/tt0119843/
907,https://www.imdb.com/title/tt0120881/
908,https://www.imdb.com/title/tt0120693/
909,https://www.imdb.com/title/tt0118892/
910,https://www.imdb.com/title/tt0119792/
911,https://www.imdb.com/title/tt0119594/
912,https://www.imdb.com/title/tt0120873/
913,https://www.imdb.com/title/tt0119574/
914,https://www.imdb.com/title/tt0120890/
915,https://www.imdb.com/title/tt0119942/
916,https://www.imdb.com/title/tt0120738/
917,https://www.imdb.com/title/tt0120749/
918,https://www.imdb.com/title/tt0120632/
919,https://www.imdb.com/title/tt0112682/
920,https://www.imdb.com/title/tt0114753/
921,https://www.imdb.com/title/tt0106332/
922,https://www.imdb.com/title/tt0112817/
923,https://www.imdb.com/title/tt0101640/
924,https://www.imdb.com/title/tt0118158/
925,https://www.imdb.com/title/tt0118040/
926,https://www.imdb.com/title/tt0116130/
927,https://www.imdb.com/title/tt0113083/
928,https://www.imdb.com/title/tt0115963/
929,https://www.imdb.com/title/tt0116493/
930,https://www.imdb.com/title/tt0115857/
931,https://www.imdb.com/title/tt0116654/
932,https://www.imdb.com/title/tt0116311/
933,https://www.imdb.com/title/tt0116378/
934,https://www.imdb.com/title/tt0117372/
935,https://www.imdb.com/title/tt0119859/
936,https://www.imdb.com/title/tt0115744/
937,https://www.imdb.com/title/tt0120323/
938,https://www.imdb.com/title/tt0120151/
939,https://www.imdb.com/title/tt0113870/
940,https://www.imdb.com/title/tt0109068/
941,https://www.imdb.com/title/tt0111732/
942,https://www.imdb.com/title/tt0108551/
943,https://www.imdb.com/title/tt0110265/
944,https://www.imdb.com/title/tt0110971/
945,https://www.imdb.com/title/tt0056923/
946,https://www.imdb.com/title/tt0082406/
947,https://www.imdb.com/title/tt0095250/
948,https://www.imdb.com/title/tt0118750/
949,https://www.imdb.com/title/tt0113347/
950,https://www.imdb.com/title/tt0113158/
951,https://www.imdb.com/title/tt0113419/
952,https://www.imdb.com/title/tt0112541/
953,https://www.imdb.com/title/tt0114798/
954,https://www.imdb.com/title/tt0114805/
955,https://www.imdb.com/title/tt0112471/
956,https://www.imdb.com/title/tt0110684/
957,https://www.imdb.com/title/tt0105652/
958,https://www.imdb.com/title/tt0110081/
959,https://www.imdb.com/title/tt0106677/
960,https://www.imdb.com/title/tt0107653/
961,https://www.imdb.com/title/tt0107756/
962,https://www.imdb.com/title/tt0108000/
963,https://www.imdb.com/title/tt0108181/
964,https://www.imdb.com/title/tt0113849/
965,https://www.imdb.com/title/tt0050419/
966,https://www.imdb.com/title/tt0050105/
967,https://www.imdb.com/title/tt0027893/
968,https://www.imdb.com/title/tt0041509/
969,https://www.imdb.com/title/tt0063819/
970,https://www.imdb.com/title/tt0102014/
971,https://www.imdb.com/title/tt0102426/
972,https://www.imdb.com/title/tt0105107/
973,https://www.imdb.com/title/tt0113212/
974,https://www.imdb.com/title/tt0116260/
975,https://www.imdb.com/title/tt0116287/
976,https://www.imdb.com/title/tt0117688/
977,https://www.imdb.com/title/tt0117774/
978,https://www.imdb.com/title/tt0116508/
979,https://www.imdb.com/title/tt0117965/
980,https://www.imdb.com/title/tt0117093/
981,https://www.imdb.com/title/tt0118927/
982,https://www.imdb.com/title/tt0117011/
983,https://www.imdb.com/title/tt0117473/
984,https://www.imdb.com/title/tt0120107/
985,https://www.imdb.com/title/tt0115710/
986,https://www.imdb.com/title/tt0120390/
987,https://www.imdb.com/title/tt0301971/
988,https://www.imdb.com/title/tt0118691/
989,https://www.imdb.com/title/tt0118829/
990,https://www.imdb.com/title/tt0118623/
991,https://www.imdb.com/title/tt0116762/
992,https://www.imdb.com/title/tt0116502/
993,https://www.imdb.com/title/tt0119282/
994,https://www.imdb.com/title/tt0119502/
995,https://www.imdb.com/title/tt0119465/
996,https://www.imdb.com/title/tt0112499/
997,https://www.imdb.com/title/tt0114571/
998,https://www.imdb.com/title/tt0109361/
999,https://www.imdb.com/title/tt0109443/
1000,https://www.imdb.com/title/tt0110353/
1001,https://www.imdb.com/title/tt0117768/
1002,https://www.imdb.com/title/tt0119887/
1003,https://www.imdb.com/title/tt0120317/
1004,https://www.imdb.com/title/tt0107004/
1005,https://www.imdb.com/title/tt0101765/
1006,https://www.imdb.com/title/tt0101458/
1007,https://www.imdb.com/title/tt0118111/
1008,https://www.imdb.com/title/tt0116594/
1009,https://www.imdb.com/title/tt0117737/
1010,https://www.imdb.com/title/tt0115632/
1011,https://www.imdb.com/title/tt0115438/
1012,https://www.imdb.com/title/tt0119951/
1013,https://www.imdb.com/title/tt0118615/
1014,https://www.imdb.com/title/tt0120032/
1015,https://www.imdb.com/title/tt0120118/
1016,https://www.imdb.com/title/tt0118880/
1017,https://www.imdb.com/title/tt0117958/
1018,https://www.imdb.com/title/tt0101026/
1019,https://www.imdb.com/title/tt0097202/
1020,https://www.imdb.com/title/tt0036855/
1021,https://www.imdb.com/title/tt0056801/
1022,https://www.imdb.com/title/tt0119107/
1023,https://www.imdb.com/title/tt0119109/
1024,https://www.imdb.com/title/tt0119723/
1025,https://www.imdb.com/title/tt0119123/
1026,https://www.imdb.com/title/tt0123953/
1027,https://www.imdb.com/title/tt0114432/
1028,https://www.imdb.com/title/tt0113228/
1029,https://www.imdb.com/title/tt0113500/
1030,https://www.imdb.com/title/tt0106400/
1031,https://www.imdb.com/title/tt0110305/
1032,https://www.imdb.com/title/tt0110363/
1033,https://www.imdb.com/title/tt0116552/
1034,https://www.imdb.com/title/tt0117420/
1035,https://www.imdb.com/title/tt0106611/
1036,https://www.imdb.com/title/tt0101775/
1037,https://www.imdb.com/title/tt0084021/
1038,https://www.imdb.com/title/tt0119210/
1039,https://www.imdb.com/title/tt0116477/
1040,https://www.imdb.com/title/tt0118002/
1041,https://www.imdb.com/title/tt0113097/
1042,https://www.imdb.com/title/tt0113501/
1043,https://www.imdb.com/title/tt0114268/
1044,https://www.imdb.com/title/tt0110771/
1045,https://www.imdb.com/title/tt0106881/
1046,https://www.imdb.com/title/tt0107497/
1047,https://www.imdb.com/title/tt0117108/
1048,https://www.imdb.com/title/tt0117628/
1049,https://www.imdb.com/title/tt0116571/
1050,https://www.imdb.com/title/tt0039420/
1051,https://www.imdb.com/title/tt0115580/
1052,https://www.imdb.com/title/tt0112896/
1053,https://www.imdb.com/title/tt0114011/
1054,https://www.imdb.com/title/tt0117102/
1055,https://www.imdb.com/title/tt0111194/
1056,https://www.imdb.com/title/tt0104029/
1057,https://www.imdb.com/title/tt0117283/
1058,https://www.imdb.com/title/tt0111667/
1059,https://www.imdb.com/title/tt0116126/
1060,https://www.imdb.com/title/tt0115472/
1061,https://www.imdb.com/title/tt0116240/
1062,https://www.imdb.com/title/tt0119815/
1063,https://www.imdb.com/title/tt0113670/
1064,https://www.imdb.com/title/tt0039286/
1065,https://www.imdb.com/title/tt0085809/
1066,https://www.imdb.com/title/tt0112453/
1067,https://www.imdb.com/title/tt0115734/
1068,https://www.imdb.com/title/tt0114808/
1069,https://www.imdb.com/title/tt0109093/
1070,https://www.imdb.com/title/tt0113677/
1071,https://www.imdb.com/title/tt0114095/
1072,https://www.imdb.com/title/tt0114210/
1073,https://www.imdb.com/title/tt0111149/
1074,https://www.imdb.com/title/tt0110950/
1075,https://www.imdb.com/title/tt0110455/
1076,https://www.imdb.com/title/tt0110763/
1077,https://www.imdb.com/title/tt0110395/
1078,https://www.imdb.com/title/tt0095776/
1079,https://www.imdb.com/title/tt0116707/
1080,https://www.imdb.com/title/tt0107537/
1081,https://www.imdb.com/title/tt0115994/
1082,https://www.imdb.com/title/tt0116293/
1083,https://www.imdb.com/title/tt0115495/
1084,https://www.imdb.com/title/tt0112373/
1085,https://www.imdb.com/title/tt0115837/
1086,https://www.imdb.com/title/tt0113443/
1087,https://www.imdb.com/title/tt0112536/
1088,https://www.imdb.com/title/tt0119013/
1089,https://www.imdb.com/title/tt0120179/
1090,https://www.imdb.com/title/tt0108162/
1091,https://www.imdb.com/title/tt0076538/
1092,https://www.imdb.com/title/tt0116059/
1093,https://www.imdb.com/title/tt0113674/
1094,https://www.imdb.com/title/tt0117891/
1095,https://www.imdb.com/title/tt0116531/
1096,https://www.imdb.com/title/tt0115927/
1097,https://www.imdb.com/title/tt0113247/
1098,https://www.imdb.com/title/tt0116324/
1099,https://www.imdb.com/title/tt0110769/
1100,https://www.imdb.com/title/tt0111689/
1101,https://www.imdb.com/title/tt0108149/
1102,https://www.imdb.com/title/tt0118001/
1103,https://www.imdb.com/title/tt0103130/
1104,https://www.imdb.com/title/tt0103905/
1105,https://www.imdb.com/title/tt0120670/
1106,https://www.imdb.com/title/tt0120769/
1107,https://www.imdb.com/title/tt0112495/
1108,https://www.imdb.com/title/tt0113044/
1109,https://www.imdb.com/title/tt0109579/
1110,https://www.imdb.com/title/tt0114614/
1111,https://www.imdb.com/title/tt0109655/
1112,https://www.imdb.com/title/tt0109450/
1113,https://www.imdb.com/title/tt0110588/
1114,https://www.imdb.com/title/tt0116269/
1115,https://www.imdb.com/title/tt0117991/
1116,https://www.imdb.com/title/tt0032762/
1117,https://www.imdb.com/title/tt0117791/
1118,https://www.imdb.com/title/tt0078446/
1119,https://www.imdb.com/title/tt0094006/
1120,https://www.imdb.com/title/tt0116601/
1121,https://www.imdb.com/title/tt0058450/
1122,https://www.imdb.com/title/tt0032022/
1123,https://www.imdb.com/title/tt0047162/
1124,https://www.imdb.com/title/tt0022879/
1125,https://www.imdb.com/title/tt0055018/
1126,https://www.imdb.com/title/tt0052027/
1127,https://www.imdb.com/title/tt0120382/
1128,https://www.imdb.com/title/tt0113283/
1129,https://www.imdb.com/title/tt0109424/
1130,https://www.imdb.com/title/tt0110217/
1131,https://www.imdb.com/title/tt0114323/
1132,https://www.imdb.com/title/tt0116289/
1133,https://www.imdb.com/title/tt0072951/
1134,https://www.imdb.com/title/tt0116404/
1135,https://www.imdb.com/title/tt0101761/
1136,https://www.imdb.com/title/tt0116410/
1137,https://www.imdb.com/title/tt0115640/
1138,https://www.imdb.com/title/tt0118702/
1139,https://www.imdb.com/title/tt0113243/
1140,https://www.imdb.com/title/tt0111001/
1141,https://www.imdb.com/title/tt0108515/
1142,https://www.imdb.com/title/tt0118147/
1143,https://www.imdb.com/title/tt0119256/
1144,https://www.imdb.com/title/tt0117422/
1145,https://www.imdb.com/title/tt0109305/
1146,https://www.imdb.com/title/tt0106505/
1147,https://www.imdb.com/title/tt0113896/
1148,https://www.imdb.com/title/tt0111454/
1149,https://www.imdb.com/title/tt0067959/
1150,https://www.imdb.com/title/tt0116827/
1151,https://www.imdb.com/title/tt0117260/
1152,https://www.imdb.com/title/tt0116621/
1153,https://www.imdb.com/title/tt0106339/
1154,https://www.imdb.com/title/tt0058898/
1155,https://www.imdb.com/title/tt0114266/
1156,https://www.imdb.com/title/tt0112767/
1157,https://www.imdb.com/title/tt0120004/
1158,https://www.imdb.com/title/tt0113057/
1159,https://www.imdb.com/title/tt0079944/
1160,https://www.imdb.com/title/tt0119578/
1161,https://www.imdb.com/title/tt0117284/
1162,https://www.imdb.com/title/tt0117332/
1163,https://www.imdb.com/title/tt0117364/
1164,https://www.imdb.com/title/tt0120550/
1165,https://www.imdb.com/title/tt0115676/
1166,https://www.imdb.com/title/tt0107447/
1167,https://www.imdb.com/title/tt0111309/
1168,https://www.imdb.com/title/tt0107426/
1169,https://www.imdb.com/title/tt0109842/
1170,https://www.imdb.com/title/tt0111252/
1171,https://www.imdb.com/title/tt0111019/
1172,https://www.imdb.com/title/tt0032143/
1173,https://www.imdb.com/title/tt0118742/
1174,https://www.imdb.com/title/tt0115847/
1175,https://www.imdb.com/title/tt0119327/
1176,https://www.imdb.com/title/tt0120490/
1177,https://www.imdb.com/title/tt0116151/
1178,https://www.imdb.com/title/tt0110443/
1179,https://www.imdb.com/title/tt0113755/
1180,https://www.imdb.com/title/tt0110093/
1181,https://www.imdb.com/title/tt0110399/
1182,https://www.imdb.com/title/tt0109480/
1183,https://www.imdb.com/title/tt0109493/
1184,https://www.imdb.com/title/tt0109729/
1185,https://www.imdb.com/title/tt0110123/
1186,https://www.imdb.com/title/tt0110137/
1187,https://www.imdb.com/title/tt0073778/
1188,https://www.imdb.com/title/tt0100994/
1189,https://www.imdb.com/title/tt0119937/
1190,https://www.imdb.com/title/tt0120318/
1191,https://www.imdb.com/title/tt0119521/
1192,https://www.imdb.com/title/tt0106473/
1193,https://www.imdb.com/title/tt0110882/
1194,https://www.imdb.com/title/tt0110729/
1195,https://www.imdb.com/title/tt0106966/
1196,https://www.imdb.com/title/tt0105032/
1197,https://www.imdb.com/title/tt0116275/
1198,https://www.imdb.com/title/tt0054189/
1199,https://www.imdb.com/title/tt0109592/
1200,https://www.imdb.com/title/tt0042644/
1201,https://www.imdb.com/title/tt0116992/
1202,https://www.imdb.com/title/tt0109255/
1203,https://www.imdb.com/title/tt0027125/
1204,https://www.imdb.com/title/tt0035446/
1205,https://www.imdb.com/title/tt0117582/
1206,https://www.imdb.com/title/tt0106266/
1207,https://www.imdb.com/title/tt0113451/
1208,https://www.imdb.com/title/tt0113552/
1209,https://www.imdb.com/title/tt0110538/
1210,https://www.imdb.com/title/tt0114857/
1211,https://www.imdb.com/title/tt0109306/
1212,https://www.imdb.com/title/tt0106926/
1213,https://www.imdb.com/title/tt0107057/
1214,https://www.imdb.com/title/tt0074102/
1215,https://www.imdb.com/title/tt0115624/
1216,https://www.imdb.com/title/tt0116783/
1217,https://www.imdb.com/title/tt0112401/
1218,https://www.imdb.com/title/tt0113118/
1219,https://www.imdb.com/title/tt0113198/
1220,https://www.imdb.com/title/tt0113305/
1221,https://www.imdb.com/title/tt0111693/
1222,https://www.imdb.com/title/tt0107286/
1223,https://www.imdb.com/title/tt0107322/
1224,https://www.imdb.com/title/tt0111094/
1225,https://www.imdb.com/title/tt0112368/
1226,https://www.imdb.com/title/tt0119783/
1227,https://www.imdb.com/title/tt0112427/
1228,https://www.imdb.com/title/tt0114781/
1229,https://www.imdb.com/title/tt0114151/
1230,https://www.imdb.com/title/tt0110907/
1231,https://www.imdb.com/title/tt0100114/
1232,https://www.imdb.com/title/tt0102370/
1233,https://www.imdb.com/title/tt0117221/
1234,https://www.imdb.com/title/tt0118836/
1235,https://www.imdb.com/title/tt0898266/
1236,https://www.imdb.com/title/tt0119845/
1237,https://www.imdb.com/title/tt0117994/
1238,https://www.imdb.com/title/tt0118230/
1239,https://www.imdb.com/title/tt0112760/
1240,https://www.imdb.com/title/tt0113568/
1241,https://www.imdb.com/title/tt0118064/
1242,https://www.imdb.com/title/tt0103207/
1243,https://www.imdb.com/title/tt0119784/
1244,https://www.imdb.com/title/tt0119664/
1245,https://www.imdb.com/title/tt0119225/
1246,https://www.imdb.com/title/tt0112602/
1247,https://www.imdb.com/title/tt0109198/
1248,https://www.imdb.com/title/tt0109297/
1249,https://www.imdb.com/title/tt0106941/
1250,https://www.imdb.com/title/tt0112483/
1251,https://www.imdb.com/title/tt0117050/
1252,https://www.imdb.com/title/tt0057345/
1253,https://www.imdb.com/title/tt0114666/
1254,https://www.imdb.com/title/tt0119214/
1255,https://www.imdb.com/title/tt0115760/
1256,https://www.imdb.com/title/tt0118964/
1257,https://www.imdb.com/title/tt0118964/
1258,https://www.imdb.com/title/tt0120373/
1259,https://www.imdb.com/title/tt0114131/
1260,https://www.imdb.com/title/tt0114702/
1261,https://www.imdb.com/title/tt0114307/
1262,https://www.imdb.com/title/tt0118113/
1263,https://www.imdb.com/title/tt0116353/
1264,https://www.imdb.com/title/tt0110693/
1265,https://www.imdb.com/title/tt0120197/
1266,https://www.imdb.com/title/tt0070506/
1267,https://www.imdb.com/title/tt0112688/
1268,https://www.imdb.com/title/tt0104779/
1269,https://www.imdb.com/title/tt0050658/
1270,https://www.imdb.com/title/tt0107413/
1271,https://www.imdb.com/title/tt0110687/
1272,https://www.imdb.com/title/tt0111357/
1273,https://www.imdb.com/title/tt0109456/
1274,https://www.imdb.com/title/tt0107978/
1275,https://www.imdb.com/title/tt0110259/
1276,https://www.imdb.com/title/tt0117784/
1277,https://www.imdb.com/title/tt0117603/
1278,https://www.imdb.com/title/tt0120094/
1279,https://www.imdb.com/title/tt0120512/
1280,https://www.imdb.com/title/tt0118900/
1281,https://www.imdb.com/title/tt0116985/
1282,https://www.imdb.com/title/tt0113211/
1283,https://www.imdb.com/title/tt0119848/
1284,https://www.imdb.com/title/tt0115645/
1285,https://www.imdb.com/title/tt0110892/
1286,https://www.imdb.com/title/tt0029546/
1287,https://www.imdb.com/title/tt0116165/
1288,https://www.imdb.com/title/tt0112844/
1289,https://www.imdb.com/title/tt0113448/
1290,https://www.imdb.com/title/tt0109491/
1291,https://www.imdb.com/title/tt0115851/
1292,https://www.imdb.com/title/tt0120133/
1293,https://www.imdb.com/title/tt0120478/
1294,https://www.imdb.com/title/tt0118662/
1295,https://www.imdb.com/title/tt0119457/
1296,https://www.imdb.com/title/tt0116631/
1297,https://www.imdb.com/title/tt0110391/
1298,https://www.imdb.com/title/tt0045537/
1299,https://www.imdb.com/title/tt0034012/
1300,https://www.imdb.com/title/tt0118523/
1301,https://www.imdb.com/title/tt0083131/
1302,https://www.imdb.com/title/tt0116834/
1303,https://www.imdb.com/title/tt0109890/
1304,https://www.imdb.com/title/tt0117169/
1305,https://www.imdb.com/title/tt0113936/
1306,https://www.imdb.com/title/tt0109593/
1307,https://www.imdb.com/title/tt0109381/
1308,https://www.imdb.com/title/tt0109191/
1309,https://www.imdb.com/title/tt0072362/
1310,https://www.imdb.com/title/tt0038235/
1311,https://www.imdb.com/title/tt0114885/
1312,https://www.imdb.com/title/tt0117357/
1313,https://www.imdb.com/title/tt0120782/
1314,https://www.imdb.com/title/tt0111323/
1315,https://www.imdb.com/title/tt0119381/
1316,https://www.imdb.com/title/tt0119314/
1317,https://www.imdb.com/title/tt0113490/
1318,https://www.imdb.com/title/tt0112646/
1319,https://www.imdb.com/title/tt0113952/
1320,https://www.imdb.com/title/tt0113319/
1321,https://www.imdb.com/title/tt0114047/
1322,https://www.imdb.com/title/tt0107642/
1323,https://www.imdb.com/title/tt0111752/
1324,https://www.imdb.com/title/tt0110374/
1325,https://www.imdb.com/title/tt0115591/
1326,https://www.imdb.com/title/tt0115742/
1327,https://www.imdb.com/title/tt0109374/
1328,https://www.imdb.com/title/tt0110712/
1329,https://www.imdb.com/title/tt0125877/
1330,https://www.imdb.com/title/tt0111546/
1331,https://www.imdb.com/title/tt0113610/
1332,https://www.imdb.com/title/tt0106810/
1333,https://www.imdb.com/title/tt0111180/
1334,https://www.imdb.com/title/tt0111237/
1335,https://www.imdb.com/title/tt0115530/
1336,https://www.imdb.com/title/tt0116756/
1337,https://www.imdb.com/title/tt0116823/
1338,https://www.imdb.com/title/tt0117999/
1339,https://www.imdb.com/title/tt0108220/
1340,https://www.imdb.com/title/tt0112746/
1341,https://www.imdb.com/title/tt0104403/
1342,https://www.imdb.com/title/tt0112716/
1343,https://www.imdb.com/title/tt0113695/
1344,https://www.imdb.com/title/tt0108148/
1345,https://www.imdb.com/title/tt0111424/
1346,https://www.imdb.com/title/tt0104109/
1347,https://www.imdb.com/title/tt0051980/
1348,https://www.imdb.com/title/tt0100840/
1349,https://www.imdb.com/title/tt0107575/
1350,https://www.imdb.com/title/tt0042054/
1351,https://www.imdb.com/title/tt0116934/
1352,https://www.imdb.com/title/tt0075169/
1353,https://www.imdb.com/title/tt0109001/
1354,https://www.imdb.com/title/tt0105729/
1355,https://www.imdb.com/title/tt0116635/
1356,https://www.imdb.com/title/tt0116167/
1357,https://www.imdb.com/title/tt0109823/
1358,https://www.imdb.com/title/tt0117879/
1359,https://www.imdb.com/title/tt0211986/
1360,https://www.imdb.com/title/tt0111622/
1361,https://www.imdb.com/title/tt0117577/
1362,https://www.imdb.com/title/tt0115531/
1363,https://www.imdb.com/title/tt0116859/
1364,https://www.imdb.com/title/tt0115684/
1365,https://www.imdb.com/title/tt0107274/
1366,https://www.imdb.com/title/tt0110173/
1367,https://www.imdb.com/title/tt0109781/
1368,https://www.imdb.com/title/tt0110521/
1369,https://www.imdb.com/title/tt0042354/
1370,https://www.imdb.com/title/tt0110171/
1371,https://www.imdb.com/title/tt0110425/
1372,https://www.imdb.com/title/tt0123281/
1373,https://www.imdb.com/title/tt0067152/
1374,https://www.imdb.com/title/tt0080714/
1375,https://www.imdb.com/title/tt0106535/
1376,https://www.imdb.com/title/tt0119644/
1377,https://www.imdb.com/title/tt0116565/
1378,https://www.imdb.com/title/tt0120014/
1379,https://www.imdb.com/title/tt0116931/
1380,https://www.imdb.com/title/tt0113314/
1381,https://www.imdb.com/title/tt0116920/
1382,https://www.imdb.com/title/tt0058985/
1383,https://www.imdb.com/title/tt0120087/
1384,https://www.imdb.com/title/tt0115680/
1385,https://www.imdb.com/title/tt0120034/
1386,https://www.imdb.com/title/tt0105569/
1387,https://www.imdb.com/title/tt0119098/
1388,https://www.imdb.com/title/tt0116384/
1389,https://www.imdb.com/title/tt0117076/
1390,https://www.imdb.com/title/tt0113425/
1391,https://www.imdb.com/title/tt0116334/
1392,https://www.imdb.com/title/tt0119557/
1393,https://www.imdb.com/title/tt0120192/
1394,https://www.imdb.com/title/tt0120257/
1395,https://www.imdb.com/title/tt0119338/
1396,https://www.imdb.com/title/tt0114550/
1397,https://www.imdb.com/title/tt0025586/
1398,https://www.imdb.com/title/tt0115548/
1399,https://www.imdb.com/title/tt0120222/
1400,https://www.imdb.com/title/tt0114129/
1401,https://www.imdb.com/title/tt0107468/
1402,https://www.imdb.com/title/tt0107225/
1403,https://www.imdb.com/title/tt0109382/
1404,https://www.imdb.com/title/tt0094336/
1405,https://www.imdb.com/title/tt0118762/
1406,https://www.imdb.com/title/tt0114916/
1407,https://www.imdb.com/title/tt0111255/
1408,https://www.imdb.com/title/tt0113199/
1409,https://www.imdb.com/title/tt0111333/
1410,https://www.imdb.com/title/tt0139340/
1411,https://www.imdb.com/title/tt0062711/
1412,https://www.imdb.com/title/tt0113596/
1413,https://www.imdb.com/title/tt0111301/
1414,https://www.imdb.com/title/tt0112702/
1415,https://www.imdb.com/title/tt0110657/
1416,https://www.imdb.com/title/tt0110678/
1417,https://www.imdb.com/title/tt0105660/
1418,https://www.imdb.com/title/tt0107282/
1419,https://www.imdb.com/title/tt0110027/
1420,https://www.imdb.com/title/tt0078155/
1421,https://www.imdb.com/title/tt0107566/
1422,https://www.imdb.com/title/tt0108260/
1423,https://www.imdb.com/title/tt0114888/
1424,https://www.imdb.com/title/tt0110091/
1425,https://www.imdb.com/title/tt0110097/
1426,https://www.imdb.com/title/tt0116442/
1427,https://www.imdb.com/title/tt0112907/
1428,https://www.imdb.com/title/tt0120238/
1429,https://www.imdb.com/title/tt0120148/
1430,https://www.imdb.com/title/tt0119352/
1431,https://www.imdb.com/title/tt0130073/
1432,https://www.imdb.com/title/tt0119670/
1433,https://www.imdb.com/title/tt0119655/
1434,https://www.imdb.com/title/tt0120122/
1435,https://www.imdb.com/title/tt0114536/
1436,https://www.imdb.com/title/tt0107611/
1437,https://www.imdb.com/title/tt0110064/
1438,https://www.imdb.com/title/tt0114084/
1439,https://www.imdb.com/title/tt0110186/
1440,https://www.imdb.com/title/tt0109035/
1441,https://www.imdb.com/title/tt0113851/
1442,https://www.imdb.com/title/tt0114345/
1443,https://www.imdb.com/title/tt0109021/
1444,https://www.imdb.com/title/tt0059793/
1445,https://www.imdb.com/title/tt0110296/
1446,https://www.imdb.com/title/tt0112606/
1447,https://www.imdb.com/title/tt0106537/
1448,https://www.imdb.com/title/tt0107471/
1449,https://www.imdb.com/title/tt0048473/
1450,https://www.imdb.com/title/tt0039428/
1451,https://www.imdb.com/title/tt0032484/
1452,https://www.imdb.com/title/tt0036094/
1453,https://www.imdb.com/title/tt0038300/
1454,https://www.imdb.com/title/tt0039152/
1455,https://www.imdb.com/title/tt0036241/
1456,https://www.imdb.com/title/tt0046414/
1457,https://www.imdb.com/title/tt0116928/
1458,https://www.imdb.com/title/tt0028757/
1459,https://www.imdb.com/title/tt0113731/
1460,https://www.imdb.com/title/tt0114472/
1461,https://www.imdb.com/title/tt0026465/
1462,https://www.imdb.com/title/tt0118100/
1463,https://www.imdb.com/title/tt0118764/
1464,https://www.imdb.com/title/tt0114534/
1465,https://www.imdb.com/title/tt0113612/
1466,https://www.imdb.com/title/tt0113774/
1467,https://www.imdb.com/title/tt0108026/
1468,https://www.imdb.com/title/tt0112757/
1469,https://www.imdb.com/title/tt0112302/
1470,https://www.imdb.com/title/tt0113234/
1471,https://www.imdb.com/title/tt0113303/
1472,https://www.imdb.com/title/tt0108500/
1473,https://www.imdb.com/title/tt0031580/
1474,https://www.imdb.com/title/tt0110671/
1475,https://www.imdb.com/title/tt0106408/
1476,https://www.imdb.com/title/tt0040723/
1477,https://www.imdb.com/title/tt0119791/
1478,https://www.imdb.com/title/tt0112819/
1479,https://www.imdb.com/title/tt0114241/
1480,https://www.imdb.com/title/tt0071607/
1481,https://www.imdb.com/title/tt0111048/
1482,https://www.imdb.com/title/tt0113147/
1483,https://www.imdb.com/title/tt0120744/
1484,https://www.imdb.com/title/tt0110189/
1485,https://www.imdb.com/title/tt0109454/
1486,https://www.imdb.com/title/tt0113173/
1487,https://www.imdb.com/title/tt0106834/
1488,https://www.imdb.com/title/tt0107002/
1489,https://www.imdb.com/title/tt0109403/
1490,https://www.imdb.com/title/tt0106878/
1491,https://www.imdb.com/title/tt0114706/
1492,https://www.imdb.com/title/tt0110719/
1493,https://www.imdb.com/title/tt0113839/
1494,https://www.imdb.com/title/tt0110570/
1495,https://www.imdb.com/title/tt0113080/
1496,https://www.imdb.com/title/tt0115836/
1497,https://www.imdb.com/title/tt0116886/
1498,https://www.imdb.com/title/tt0113031/
1499,https://www.imdb.com/title/tt0109942/
1500,https://www.imdb.com/title/tt0117550/
1501,https://www.imdb.com/title/tt0116754/
1502,https://www.imdb.com/title/tt0110623/
1503,https://www.imdb.com/title/tt0113188/
1504,https://www.imdb.com/title/tt0109255/
1505,https://www.imdb.com/title/tt0113542/
1506,https://www.imdb.com/title/tt0113947/
1507,https://www.imdb.com/title/tt0117968/
1508,https://www.imdb.com/title/tt0112438/
1509,https://www.imdb.com/title/tt0109891/
1510,https://www.imdb.com/title/tt0116953/
1511,https://www.imdb.com/title/tt0115886/
1512,https://www.imdb.com/title/tt0052572/
1513,https://www.imdb.com/title/tt0120190/
1514,https://www.imdb.com/title/tt0119019/
1515,https://www.imdb.com/title/tt0114952/
1516,https://www.imdb.com/title/tt0111709/
1517,https://www.imdb.com/title/tt0117427/
1518,https://www.imdb.com/title/tt0113691/
1519,https://www.imdb.com/title/tt0113967/
1520,https://www.imdb.com/title/tt0113043/
1521,https://www.imdb.com/title/tt0107613/
1522,https://www.imdb.com/title/tt0111488/
1523,https://www.imdb.com/title/tt0109920/
1524,https://www.imdb.com/title/tt0110246/
1525,https://www.imdb.com/title/tt0120772/
1526,https://www.imdb.com/title/tt0090329/
1527,https://www.imdb.com/title/tt0120820/
1528,https://www.imdb.com/title/tt0119809/
1529,https://www.imdb.com/title/tt0114787/
1530,https://www.imdb.com/title/tt0113463/
1531,https://www.imdb.com/title/tt0113028/
1532,https://www.imdb.com/title/tt0109828/
1533,https://www.imdb.com/title/tt0106678/
1534,https://www.imdb.com/title/tt0120394/
1535,https://www.imdb.com/title/tt0109731/
1536,https://www.imdb.com/title/tt0109066/
1537,https://www.imdb.com/title/tt0115951/
1538,https://www.imdb.com/title/tt0118586/
1539,https://www.imdb.com/title/tt0106379/
1540,https://www.imdb.com/title/tt0112342/
1541,https://www.imdb.com/title/tt0109226/
1542,https://www.imdb.com/title/tt0017350/
1543,https://www.imdb.com/title/tt0116714/
1544,https://www.imdb.com/title/tt0113442/
1545,https://www.imdb.com/title/tt0113107/
1546,https://www.imdb.com/title/tt0094878/
1547,https://www.imdb.com/title/tt0114435/
1548,https://www.imdb.com/title/tt0112727/
1549,https://www.imdb.com/title/tt0112899/
1550,https://www.imdb.com/title/tt0112854/
1551,https://www.imdb.com/title/tt0109906/
1552,https://www.imdb.com/title/tt0113360/
1553,https://www.imdb.com/title/tt0114788/
1554,https://www.imdb.com/title/tt0111054/
1555,https://www.imdb.com/title/tt0108069/
1556,https://www.imdb.com/title/tt0112712/
1557,https://www.imdb.com/title/tt0111787/
1558,https://www.imdb.com/title/tt0048956/
1559,https://www.imdb.com/title/tt0110061/
1560,https://www.imdb.com/title/tt0082206/
1561,https://www.imdb.com/title/tt0111430/
1562,https://www.imdb.com/title/tt0107727/
1563,https://www.imdb.com/title/tt0111613/
1564,https://www.imdb.com/title/tt0103095/
1565,https://www.imdb.com/title/tt0104046/
1566,https://www.imdb.com/title/tt0031612/
1567,https://www.imdb.com/title/tt0103926/
1568,https://www.imdb.com/title/tt0105737/
1569,https://www.imdb.com/title/tt0094265/
1570,https://www.imdb.com/title/tt0105201/
1571,https://www.imdb.com/title/tt0070820/
1572,https://www.imdb.com/title/tt0084898/
1573,https://www.imdb.com/title/tt0063715/
1574,https://www.imdb.com/title/tt0114122/
1575,https://www.imdb.com/title/tt0100990/
1576,https://www.imdb.com/title/tt0093199/
1577,https://www.imdb.com/title/tt0049521/
1578,https://www.imdb.com/title/tt0061495/
1579,https://www.imdb.com/title/tt0094822/
1580,https://www.imdb.com/title/tt0024252/
1581,https://www.imdb.com/title/tt0043140/
1582,https://www.imdb.com/title/tt0039881/
1583,https://www.imdb.com/title/tt0092281/
1584,https://www.imdb.com/title/tt0039004/
1585,https://www.imdb.com/title/tt0099028/
1586,https://www.imdb.com/title/tt0104684/
1587,https://www.imdb.com/title/tt0052287/
1588,https://www.imdb.com/title/tt0117544/
1589,https://www.imdb.com/title/tt0117561/
1590,https://www.imdb.com/title/tt0112951/
1591,https://www.imdb.com/title/tt0112913/
1592,https://www.imdb.com/title/tt0159177/
1593,https://www.imdb.com/title/tt0101692/
1594,https://www.imdb.com/title/tt0120661/
1595,https://www.imdb.com/title/tt0111173/
1596,https://www.imdb.com/title/tt0113948/
1597,https://www.imdb.com/title/tt0105275/
1598,https://www.imdb.com/title/tt0118859/
1599,https://www.imdb.com/title/tt0114494/
1600,https://www.imdb.com/title/tt0109949/
1601,https://www.imdb.com/title/tt0119819/
1602,https://www.imdb.com/title/tt0120793/
1603,https://www.imdb.com/title/tt0112364/
1604,https://www.imdb.com/title/tt0040427/
1605,https://www.imdb.com/title/tt0116930/
1606,https://www.imdb.com/title/tt0119527/
1607,https://www.imdb.com/title/tt0119338/
1608,https://www.imdb.com/title/tt0118787/
1609,https://www.imdb.com/title/tt0118663/
1610,https://www.imdb.com/title/tt0120383/
1611,https://www.imdb.com/title/tt0116643/
1612,https://www.imdb.com/title/tt0116845/
1613,https://www.imdb.com/title/tt0114690/
1614,https://www.imdb.com/title/tt0052126/
1615,https://www.imdb.com/title/tt0120479/
1616,https://www.imdb.com/title/tt0112849/
1617,https://www.imdb.com/title/tt0119327/
1618,https://www.imdb.com/title/tt0099939/
1619,https://www.imdb.com/title/tt0113720/
1620,https://www.imdb.com/title/tt0120142/
1621,https://www.imdb.com/title/tt0112604/
1622,https://www.imdb.com/title/tt0107779/
1623,https://www.imdb.com/title/tt0112769/
1624,https://www.imdb.com/title/tt0118744/
1625,https://www.imdb.com/title/tt0119791/
1626,https://www.imdb.com/title/tt0110251/
1627,https://www.imdb.com/title/tt0114936/
1628,https://www.imdb.com/title/tt0110299/
1629,https://www.imdb.com/title/tt0113973/
1630,https://www.imdb.com/title/tt0111055/
1631,https://www.imdb.com/title/tt0107349/
1632,https://www.imdb.com/title/tt0114671/
1633,https://www.imdb.com/title/tt0109028/
1634,https://www.imdb.com/title/tt0109751/
1635,https://www.imdb.com/title/tt0092123/
1636,https://www.imdb.com/title/tt0112586/
1637,https://www.imdb.com/title/tt0116418/
1638,https://www.imdb.com/title/tt0117202/
1639,https://www.imdb.com/title/tt0115600/
1640,https://www.imdb.com/title/tt0116581/
1641,https://www.imdb.com/title/tt0112777/
1642,https://www.imdb.com/title/tt0117690/
1643,https://www.imdb.com/title/tt0112362/
1644,https://www.imdb.com/title/tt0117775/
1645,https://www.imdb.com/title/tt0118804/
1646,https://www.imdb.com/title/tt0119657/
1647,https://www.imdb.com/title/tt0119250/
1648,https://www.imdb.com/title/tt0119780/
1649,https://www.imdb.com/title/tt0124295/
1650,https://www.imdb.com/title/tt0118804/
1651,https://www.imdb.com/title/tt0120176/
1652,https://www.imdb.com/title/tt0116295/
1653,https://www.imdb.com/title/tt0116212/
1654,https://www.imdb.com/title/tt0118836/
1655,https://www.imdb.com/title/tt0109783/
1656,https://www.imdb.com/title/tt0119548/
1657,https://www.imdb.com/title/tt0114618/
1658,https://www.imdb.com/title/tt0117773/
1659,https://www.imdb.com/title/tt0116405/
1660,https://www.imdb.com/title/tt0114474/
1661,https://www.imdb.com/title/tt0110649/
1662,https://www.imdb.com/title/tt0114303/
1663,https://www.imdb.com/title/tt0114007/
1664,https://www.imdb.com/title/tt0118541/
1665,https://www.imdb.com/title/tt0118783/
1666,https://www.imdb.com/title/tt0117482/
1667,https://www.imdb.com/title/tt0113968/
1668,https://www.imdb.com/title/tt0118127/
1669,https://www.imdb.com/title/tt0116949/
1670,https://www.imdb.com/title/tt0128690/
1671,https://www.imdb.com/title/tt0116379/
1672,https://www.imdb.com/title/tt0107315/
1673,https://www.imdb.com/title/tt0113827/
1674,https://www.imdb.com/title/tt0056215/
1675,https://www.imdb.com/title/tt0117781/
1676,https://www.imdb.com/title/tt0118117/
1677,https://www.imdb.com/title/tt0114592/
1678,https://www.imdb.com/title/tt0119711/
1679,https://www.imdb.com/title/tt0120594/
1680,https://www.imdb.com/title/tt0120148/
1681,https://www.imdb.com/title/tt0111804/
1682,https://www.imdb.com/title/tt0102855/
