0,https://www.imdb.com/title/tt0114709/
1,https://www.imdb.com/title/tt0113189/
2,https://www.imdb.com/title/tt0113101/
3,https://www.imdb.com/title/tt0113161/
4,https://www.imdb.com/title/tt0112722/
5,https://www.imdb.com/title/tt0115012/
6,https://www.imdb.com/title/tt0114746/
7,https://www.imdb.com/title/tt0112431/
8,https://www.imdb.com/title/tt0112818/
9,https://www.imdb.com/title/tt0114279/
10,https://www.imdb.com/title/tt0114369/
11,https://www.imdb.com/title/tt0114814/
12,https://www.imdb.com/title/tt0113819/
13,https://www.imdb.com/title/tt0110877/
14,https://www.imdb.com/title/tt0113862/
15,https://www.imdb.com/title/tt0113149/
16,https://www.imdb.com/title/tt0116367/
17,https://www.imdb.com/title/tt0112445/
18,https://www.imdb.com/title/tt0112379/
19,https://www.imdb.com/title/tt0112365/
20,https://www.imdb.com/title/tt0117110/
21,https://www.imdb.com/title/tt0112573/
22,https://www.imdb.com/title/tt0075314/
23,https://www.imdb.com/title/tt0113326/
24,https://www.imdb.com/title/tt0115685/
25,https://www.imdb.com/title/tt0112585/
26,https://www.imdb.com/title/tt0112442/
27,https://www.imdb.com/title/tt0112384/
28,https://www.imdb.com/title/tt0112462/
29,https://www.imdb.com/title/tt0061395/
30,https://www.imdb.com/title/tt0112740/
31,https://www.imdb.com/title/tt0109508/
32,https://www.imdb.com/title/tt0112851/
33,https://www.imdb.com/title/tt0112887/
34,https://www.imdb.com/title/tt0113114/
35,https://www.imdb.com/title/tt0113729/
36,https://www.imdb.com/title/tt0110620/
37,https://www.imdb.com/title/tt0113957/
38,https://www.imdb.com/title/tt0114558/
39,https://www.imdb.com/title/tt0114682/
40,https://www.imdb.com/title/tt0112508/
41,https://www.imdb.com/title/tt0109445/
42,https://www.imdb.com/title/tt0109635/
43,https://www.imdb.com/title/tt0109642/
44,https://www.imdb.com/title/tt0111797/
45,https://www.imdb.com/title/tt0109759/
46,https://www.imdb.com/title/tt0109707/
47,https://www.imdb.com/title/tt0110057/
48,https://www.imdb.com/title/tt0110099/
49,https://www.imdb.com/title/tt0076759/
50,https://www.imdb.com/title/tt0110322/
51,https://www.imdb.com/title/tt0110428/
52,https://www.imdb.com/title/tt0110632/
53,https://www.imdb.com/title/tt0114069/
54,https://www.imdb.com/title/tt0110413/
55,https://www.imdb.com/title/tt0110912/
56,https://www.imdb.com/title/tt0110889/
57,https://www.imdb.com/title/tt0110932/
58,https://www.imdb.com/title/tt0111495/
59,https://www.imdb.com/title/tt0108394/
60,https://www.imdb.com/title/tt0111507/
61,https://www.imdb.com/title/tt0111282/
62,https://www.imdb.com/title/tt0111070/
63,https://www.imdb.com/title/tt0111161/
64,https://www.imdb.com/title/tt0108550/
65,https://www.imdb.com/title/tt0114924/
66,https://www.imdb.com/title/tt0109040/
67,https://www.imdb.com/title/tt0109506/
68,https://www.imdb.com/title/tt0109830/
69,https://www.imdb.com/title/tt0109831/
70,https://www.imdb.com/title/tt0110357/
71,https://www.imdb.com/title/tt0110475/
72,https://www.imdb.com/title/tt0110478/
73,https://www.imdb.com/title/tt0059170/
74,https://www.imdb.com/title/tt0109339/
75,https://www.imdb.com/title/tt0106519/
76,https://www.imdb.com/title/tt0106918/
77,https://www.imdb.com/title/tt0106965/
78,https://www.imdb.com/title/tt0106977/
79,https://www.imdb.com/title/tt0107144/
80,https://www.imdb.com/title/tt0110074/
81,https://www.imdb.com/title/tt0107290/
82,https://www.imdb.com/title/tt0107616/
83,https://www.imdb.com/title/tt0111003/
84,https://www.imdb.com/title/tt0110955/
85,https://www.imdb.com/title/tt0107943/
86,https://www.imdb.com/title/tt0108065/
87,https://www.imdb.com/title/tt0108160/
88,https://www.imdb.com/title/tt0083658/
89,https://www.imdb.com/title/tt0108174/
90,https://www.imdb.com/title/tt0107688/
91,https://www.imdb.com/title/tt0108399/
92,https://www.imdb.com/title/tt0114906/
93,https://www.imdb.com/title/tt0099785/
94,https://www.imdb.com/title/tt0103639/
95,https://www.imdb.com/title/tt0103064/
96,https://www.imdb.com/title/tt0099348/
97,https://www.imdb.com/title/tt0102926/
98,https://www.imdb.com/title/tt0029583/
99,https://www.imdb.com/title/tt0116282/
100,https://www.imdb.com/title/tt0082509/
101,https://www.imdb.com/title/tt0065421/
102,https://www.imdb.com/title/tt0115509/
103,https://www.imdb.com/title/tt0114658/
104,https://www.imdb.com/title/tt0117608/
105,https://www.imdb.com/title/tt0116095/
106,https://www.imdb.com/title/tt0117071/
107,https://www.imdb.com/title/tt0116768/
108,https://www.imdb.com/title/tt0117128/
109,https://www.imdb.com/title/tt0114048/
110,https://www.imdb.com/title/tt0117979/
111,https://www.imdb.com/title/tt0116322/
112,https://www.imdb.com/title/tt0113362/
113,https://www.imdb.com/title/tt0118114/
114,https://www.imdb.com/title/tt0113270/
115,https://www.imdb.com/title/tt0112701/
116,https://www.imdb.com/title/tt0117500/
117,https://www.imdb.com/title/tt0117998/
118,https://www.imdb.com/title/tt0110480/
119,https://www.imdb.com/title/tt0117765/
120,https://www.imdb.com/title/tt0116629/
121,https://www.imdb.com/title/tt0115798/
122,https://www.imdb.com/title/tt0116365/
123,https://www.imdb.com/title/tt0116905/
124,https://www.imdb.com/title/tt0117333/
125,https://www.imdb.com/title/tt0117718/
126,https://www.imdb.com/title/tt0068646/
127,https://www.imdb.com/title/tt0104558/
128,https://www.imdb.com/title/tt0115736/
129,https://www.imdb.com/title/tt0116745/
130,https://www.imdb.com/title/tt0054698/
131,https://www.imdb.com/title/tt0032138/
132,https://www.imdb.com/title/tt0031381/
133,https://www.imdb.com/title/tt0033467/
134,https://www.imdb.com/title/tt0062622/
135,https://www.imdb.com/title/tt0031679/
136,https://www.imdb.com/title/tt0115678/
137,https://www.imdb.com/title/tt0116000/
138,https://www.imdb.com/title/tt0064603/
139,https://www.imdb.com/title/tt0107131/
140,https://www.imdb.com/title/tt0046672/
141,https://www.imdb.com/title/tt0066817/
142,https://www.imdb.com/title/tt0059742/
143,https://www.imdb.com/title/tt0095016/
144,https://www.imdb.com/title/tt0104692/
145,https://www.imdb.com/title/tt0118044/
146,https://www.imdb.com/title/tt0116908/
147,https://www.imdb.com/title/tt0116409/
148,https://www.imdb.com/title/tt0116722/
149,https://www.imdb.com/title/tt0117802/
150,https://www.imdb.com/title/tt0067992/
151,https://www.imdb.com/title/tt0070707/
152,https://www.imdb.com/title/tt0095159/
153,https://www.imdb.com/title/tt0079470/
154,https://www.imdb.com/title/tt0092890/
155,https://www.imdb.com/title/tt0105236/
156,https://www.imdb.com/title/tt0091763/
157,https://www.imdb.com/title/tt0098627/
158,https://www.imdb.com/title/tt0103772/
159,https://www.imdb.com/title/tt0104348/
160,https://www.imdb.com/title/tt0092099/
161,https://www.imdb.com/title/tt0082846/
162,https://www.imdb.com/title/tt0072081/
163,https://www.imdb.com/title/tt0096754/
164,https://www.imdb.com/title/tt0091288/
165,https://www.imdb.com/title/tt0091480/
166,https://www.imdb.com/title/tt0081375/
167,https://www.imdb.com/title/tt0071853/
168,https://www.imdb.com/title/tt0108598/
169,https://www.imdb.com/title/tt0095765/
170,https://www.imdb.com/title/tt0101700/
171,https://www.imdb.com/title/tt0080684/
172,https://www.imdb.com/title/tt0093779/
173,https://www.imdb.com/title/tt0082971/
174,https://www.imdb.com/title/tt0088846/
175,https://www.imdb.com/title/tt0090605/
176,https://www.imdb.com/title/tt0060196/
177,https://www.imdb.com/title/tt0050083/
178,https://www.imdb.com/title/tt0066921/
179,https://www.imdb.com/title/tt0078788/
180,https://www.imdb.com/title/tt0086190/
181,https://www.imdb.com/title/tt0099685/
182,https://www.imdb.com/title/tt0078748/
183,https://www.imdb.com/title/tt0106308/
184,https://www.imdb.com/title/tt0054215/
185,https://www.imdb.com/title/tt0080455/
186,https://www.imdb.com/title/tt0071562/
187,https://www.imdb.com/title/tt0093058/
188,https://www.imdb.com/title/tt0104361/
189,https://www.imdb.com/title/tt0097499/
190,https://www.imdb.com/title/tt0086879/
191,https://www.imdb.com/title/tt0081398/
192,https://www.imdb.com/title/tt0086197/
193,https://www.imdb.com/title/tt0070735/
194,https://www.imdb.com/title/tt0088247/
195,https://www.imdb.com/title/tt0097165/
196,https://www.imdb.com/title/tt0061722/
197,https://www.imdb.com/title/tt0100263/
198,https://www.imdb.com/title/tt0050212/
199,https://www.imdb.com/title/tt0081505/
200,https://www.imdb.com/title/tt0092991/
201,https://www.imdb.com/title/tt0107048/
202,https://www.imdb.com/title/tt0105695/
203,https://www.imdb.com/title/tt0088763/
204,https://www.imdb.com/title/tt0066206/
205,https://www.imdb.com/title/tt0094625/
206,https://www.imdb.com/title/tt0099334/
207,https://www.imdb.com/title/tt0072431/
208,https://www.imdb.com/title/tt0088258/
209,https://www.imdb.com/title/tt0097576/
210,https://www.imdb.com/title/tt0066026/
211,https://www.imdb.com/title/tt0096332/
212,https://www.imdb.com/title/tt0091867/
213,https://www.imdb.com/title/tt0084503/
214,https://www.imdb.com/title/tt0097351/
215,https://www.imdb.com/title/tt0098635/
216,https://www.imdb.com/title/tt0103874/
217,https://www.imdb.com/title/tt0101540/
218,https://www.imdb.com/title/tt0087800/
219,https://www.imdb.com/title/tt0117057/
220,https://www.imdb.com/title/tt0115751/
221,https://www.imdb.com/title/tt0117731/
222,https://www.imdb.com/title/tt0117666/
223,https://www.imdb.com/title/tt0117477/
224,https://www.imdb.com/title/tt0115433/
225,https://www.imdb.com/title/tt0099423/
226,https://www.imdb.com/title/tt0102975/
227,https://www.imdb.com/title/tt0084726/
228,https://www.imdb.com/title/tt0088170/
229,https://www.imdb.com/title/tt0092007/
230,https://www.imdb.com/title/tt0103776/
231,https://www.imdb.com/title/tt0096487/
232,https://www.imdb.com/title/tt0105690/
233,https://www.imdb.com/title/tt0073195/
234,https://www.imdb.com/title/tt0116996/
235,https://www.imdb.com/title/tt0115906/
236,https://www.imdb.com/title/tt0116695/
237,https://www.imdb.com/title/tt0093822/
238,https://www.imdb.com/title/tt0105435/
239,https://www.imdb.com/title/tt0115641/
240,https://www.imdb.com/title/tt0104691/
241,https://www.imdb.com/title/tt0116790/
242,https://www.imdb.com/title/tt0119432/
243,https://www.imdb.com/title/tt0120152/
244,https://www.imdb.com/title/tt0118972/
245,https://www.imdb.com/title/tt0118842/
246,https://www.imdb.com/title/tt0120389/
247,https://www.imdb.com/title/tt0119229/
248,https://www.imdb.com/title/tt0118655/
249,https://www.imdb.com/title/tt0119116/
250,https://www.imdb.com/title/tt0117615/
251,https://www.imdb.com/title/tt0119567/
252,https://www.imdb.com/title/tt0114134/
253,https://www.imdb.com/title/tt0118688/
254,https://www.imdb.com/title/tt0119738/
255,https://www.imdb.com/title/tt0115856/
256,https://www.imdb.com/title/tt0119654/
257,https://www.imdb.com/title/tt0118884/
258,https://www.imdb.com/title/tt0119190/
259,https://www.imdb.com/title/tt0119081/
260,https://www.imdb.com/title/tt0118570/
261,https://www.imdb.com/title/tt0119361/
262,https://www.imdb.com/title/tt0120207/
263,https://www.imdb.com/title/tt0119675/
264,https://www.imdb.com/title/tt0099810/
265,https://www.imdb.com/title/tt0119484/
266,https://www.imdb.com/title/tt1401152/
267,https://www.imdb.com/title/tt0119164/
268,https://www.imdb.com/title/tt0119177/
269,https://www.imdb.com/title/tt0120201/
270,https://www.imdb.com/title/tt0119217/
271,https://www.imdb.com/title/tt0113277/
272,https://www.imdb.com/title/tt0114319/
273,https://www.imdb.com/title/tt0114388/
274,https://www.imdb.com/title/tt0113627/
275,https://www.imdb.com/title/tt0114272/
276,https://www.imdb.com/title/tt0115644/
277,https://www.imdb.com/title/tt0114039/
278,https://www.imdb.com/title/tt0118055/
279,https://www.imdb.com/title/tt0110997/
280,https://www.imdb.com/title/tt0117913/
281,https://www.imdb.com/title/tt0116191/
282,https://www.imdb.com/title/tt0117918/
283,https://www.imdb.com/title/tt0117589/
284,https://www.imdb.com/title/tt0116209/
285,https://www.imdb.com/title/tt0116999/
286,https://www.imdb.com/title/tt0117571/
287,https://www.imdb.com/title/tt0116250/
288,https://www.imdb.com/title/tt0119115/
289,https://www.imdb.com/title/tt0118548/
290,https://www.imdb.com/title/tt0120036/
291,https://www.imdb.com/title/tt0119008/
292,https://www.imdb.com/title/tt0119528/
293,https://www.imdb.com/title/tt0118771/
294,https://www.imdb.com/title/tt0117398/
295,https://www.imdb.com/title/tt0120402/
296,https://www.imdb.com/title/tt0119094/
297,https://www.imdb.com/title/tt0119311/
298,https://www.imdb.com/title/tt0118571/
299,https://www.imdb.com/title/tt0119360/
300,https://www.imdb.com/title/tt0119488/
301,https://www.imdb.com/title/tt0116329/
302,https://www.imdb.com/title/tt0119349/
303,https://www.imdb.com/title/tt0119280/
304,https://www.imdb.com/title/tt0118971/
305,https://www.imdb.com/title/tt0119095/
306,https://www.imdb.com/title/tt0119527/
307,https://www.imdb.com/title/tt0119978/
308,https://www.imdb.com/title/tt0120520/
309,https://www.imdb.com/title/tt0119668/
310,https://www.imdb.com/title/tt0120338/
311,https://www.imdb.com/title/tt0118539/
312,https://www.imdb.com/title/tt0118636/
313,https://www.imdb.com/title/tt0119822/
314,https://www.imdb.com/title/tt0107207/
315,https://www.imdb.com/title/tt0108052/
316,https://www.imdb.com/title/tt0116242/
317,https://www.imdb.com/title/tt0117293/
318,https://www.imdb.com/title/tt0117091/
319,https://www.imdb.com/title/tt0119731/
320,https://www.imdb.com/title/tt0118928/
321,https://www.imdb.com/title/tt0116922/
322,https://www.imdb.com/title/tt0115964/
323,https://www.imdb.com/title/tt0119173/
324,https://www.imdb.com/title/tt0118887/
325,https://www.imdb.com/title/tt0118883/
326,https://www.imdb.com/title/tt0118966/
327,https://www.imdb.com/title/tt0118531/
328,https://www.imdb.com/title/tt0119051/
329,https://www.imdb.com/title/tt0119468/
330,https://www.imdb.com/title/tt0119174/
331,https://www.imdb.com/title/tt0120399/
332,https://www.imdb.com/title/tt0119326/
333,https://www.imdb.com/title/tt0119906/
334,https://www.imdb.com/title/tt0119324/
335,https://www.imdb.com/title/tt0118689/
336,https://www.imdb.com/title/tt0119592/
337,https://www.imdb.com/title/tt0118749/
338,https://www.imdb.com/title/tt0118901/
339,https://www.imdb.com/title/tt0120483/
340,https://www.imdb.com/title/tt0118583/
341,https://www.imdb.com/title/tt0118632/
342,https://www.imdb.com/title/tt0118954/
343,https://www.imdb.com/title/tt0119396/
344,https://www.imdb.com/title/tt0120885/
345,https://www.imdb.com/title/tt0120696/
346,https://www.imdb.com/title/tt0119099/
347,https://www.imdb.com/title/tt0118643/
348,https://www.imdb.com/title/tt0120185/
349,https://www.imdb.com/title/tt0118956/
350,https://www.imdb.com/title/tt0120888/
351,https://www.imdb.com/title/tt0120184/
352,https://www.imdb.com/title/tt0109446/
353,https://www.imdb.com/title/tt0073486/
354,https://www.imdb.com/title/tt0120177/
355,https://www.imdb.com/title/tt0118647/
356,https://www.imdb.com/title/tt0120529/
357,https://www.imdb.com/title/tt0119365/
358,https://www.imdb.com/title/tt0118747/
359,https://www.imdb.com/title/tt0114576/
360,https://www.imdb.com/title/tt0112281/
361,https://www.imdb.com/title/tt0114168/
362,https://www.imdb.com/title/tt0112792/
363,https://www.imdb.com/title/tt0112697/
364,https://www.imdb.com/title/tt0115683/
365,https://www.imdb.com/title/tt0115697/
366,https://www.imdb.com/title/tt0117002/
367,https://www.imdb.com/title/tt0112579/
368,https://www.imdb.com/title/tt0113464/
369,https://www.imdb.com/title/tt0113492/
370,https://www.imdb.com/title/tt0113820/
371,https://www.imdb.com/title/tt0114436/
372,https://www.imdb.com/title/tt0110066/
373,https://www.imdb.com/title/tt0110006/
374,https://www.imdb.com/title/tt0110527/
375,https://www.imdb.com/title/tt0114608/
376,https://www.imdb.com/title/tt0111280/
377,https://www.imdb.com/title/tt0110598/
378,https://www.imdb.com/title/tt0109045/
379,https://www.imdb.com/title/tt0109813/
380,https://www.imdb.com/title/tt0110622/
381,https://www.imdb.com/title/tt0111503/
382,https://www.imdb.com/title/tt0106220/
383,https://www.imdb.com/title/tt0106226/
384,https://www.imdb.com/title/tt0109254/
385,https://www.imdb.com/title/tt0109279/
386,https://www.imdb.com/title/tt0106880/
387,https://www.imdb.com/title/tt0107362/
388,https://www.imdb.com/title/tt0107501/
389,https://www.imdb.com/title/tt0107614/
390,https://www.imdb.com/title/tt0110939/
391,https://www.imdb.com/title/tt0107977/
392,https://www.imdb.com/title/tt0111127/
393,https://www.imdb.com/title/tt0108238/
394,https://www.imdb.com/title/tt0108255/
395,https://www.imdb.com/title/tt0108333/
396,https://www.imdb.com/title/tt0110366/
397,https://www.imdb.com/title/tt0112572/
398,https://www.imdb.com/title/tt0099653/
399,https://www.imdb.com/title/tt0096895/
400,https://www.imdb.com/title/tt0032910/
401,https://www.imdb.com/title/tt0117060/
402,https://www.imdb.com/title/tt0117894/
403,https://www.imdb.com/title/tt0117723/
404,https://www.imdb.com/title/tt0112691/
405,https://www.imdb.com/title/tt0116669/
406,https://www.imdb.com/title/tt0116778/
407,https://www.imdb.com/title/tt0117218/
408,https://www.imdb.com/title/tt0118073/
409,https://www.imdb.com/title/tt0117826/
410,https://www.imdb.com/title/tt0084370/
411,https://www.imdb.com/title/tt0072653/
412,https://www.imdb.com/title/tt0050798/
413,https://www.imdb.com/title/tt0055277/
414,https://www.imdb.com/title/tt0042332/
415,https://www.imdb.com/title/tt0058331/
416,https://www.imdb.com/title/tt0043274/
417,https://www.imdb.com/title/tt0117509/
418,https://www.imdb.com/title/tt0115491/
419,https://www.imdb.com/title/tt0083866/
420,https://www.imdb.com/title/tt0115885/
421,https://www.imdb.com/title/tt0103850/
422,https://www.imdb.com/title/tt0092106/
423,https://www.imdb.com/title/tt0056592/
424,https://www.imdb.com/title/tt0067185/
425,https://www.imdb.com/title/tt0043456/
426,https://www.imdb.com/title/tt0023969/
427,https://www.imdb.com/title/tt0091203/
428,https://www.imdb.com/title/tt0032455/
429,https://www.imdb.com/title/tt0097493/
430,https://www.imdb.com/title/tt0049223/
431,https://www.imdb.com/title/tt0064115/
432,https://www.imdb.com/title/tt0082010/
433,https://www.imdb.com/title/tt0103678/
434,https://www.imdb.com/title/tt0085159/
435,https://www.imdb.com/title/tt0106262/
436,https://www.imdb.com/title/tt0083550/
437,https://www.imdb.com/title/tt0078767/
438,https://www.imdb.com/title/tt0099030/
439,https://www.imdb.com/title/tt0056869/
440,https://www.imdb.com/title/tt0051418/
441,https://www.imdb.com/title/tt0037549/
442,https://www.imdb.com/title/tt0074258/
443,https://www.imdb.com/title/tt0074285/
444,https://www.imdb.com/title/tt0075005/
445,https://www.imdb.com/title/tt0079945/
446,https://www.imdb.com/title/tt0098382/
447,https://www.imdb.com/title/tt0077631/
448,https://www.imdb.com/title/tt0077766/
449,https://www.imdb.com/title/tt0085750/
450,https://www.imdb.com/title/tt0115633/
451,https://www.imdb.com/title/tt0116704/
452,https://www.imdb.com/title/tt0118708/
453,https://www.imdb.com/title/tt0119152/
454,https://www.imdb.com/title/tt0113987/
455,https://www.imdb.com/title/tt0112749/
456,https://www.imdb.com/title/tt0112744/
457,https://www.imdb.com/title/tt0114478/
458,https://www.imdb.com/title/tt0103994/
459,https://www.imdb.com/title/tt0111112/
460,https://www.imdb.com/title/tt0111590/
461,https://www.imdb.com/title/tt0110213/
462,https://www.imdb.com/title/tt0105226/
463,https://www.imdb.com/title/tt0106489/
464,https://www.imdb.com/title/tt0108002/
465,https://www.imdb.com/title/tt0108122/
466,https://www.imdb.com/title/tt0108358/
467,https://www.imdb.com/title/tt0115956/
468,https://www.imdb.com/title/tt0116136/
469,https://www.imdb.com/title/tt0116683/
470,https://www.imdb.com/title/tt0057012/
471,https://www.imdb.com/title/tt0117951/
472,https://www.imdb.com/title/tt0116313/
473,https://www.imdb.com/title/tt0117008/
474,https://www.imdb.com/title/tt0032904/
475,https://www.imdb.com/title/tt0052357/
476,https://www.imdb.com/title/tt0053125/
477,https://www.imdb.com/title/tt0053604/
478,https://www.imdb.com/title/tt0053291/
479,https://www.imdb.com/title/tt0034583/
480,https://www.imdb.com/title/tt0033870/
481,https://www.imdb.com/title/tt0058385/
482,https://www.imdb.com/title/tt0047437/
483,https://www.imdb.com/title/tt0046250/
484,https://www.imdb.com/title/tt0043014/
485,https://www.imdb.com/title/tt0038787/
486,https://www.imdb.com/title/tt0048728/
487,https://www.imdb.com/title/tt0029843/
488,https://www.imdb.com/title/tt0048028/
489,https://www.imdb.com/title/tt0025878/
490,https://www.imdb.com/title/tt0032599/
491,https://www.imdb.com/title/tt0048960/
492,https://www.imdb.com/title/tt0038650/
493,https://www.imdb.com/title/tt0029947/
494,https://www.imdb.com/title/tt0043265/
495,https://www.imdb.com/title/tt0051459/
496,https://www.imdb.com/title/tt0033563/
497,https://www.imdb.com/title/tt0066808/
498,https://www.imdb.com/title/tt0068334/
499,https://www.imdb.com/title/tt0061418/
500,https://www.imdb.com/title/tt0046912/
501,https://www.imdb.com/title/tt0048545/
502,https://www.imdb.com/title/tt0044081/
503,https://www.imdb.com/title/tt0117318/
504,https://www.imdb.com/title/tt0097937/
505,https://www.imdb.com/title/tt0054047/
506,https://www.imdb.com/title/tt0056172/
507,https://www.imdb.com/title/tt0093191/
508,https://www.imdb.com/title/tt0041959/
509,https://www.imdb.com/title/tt0075686/
510,https://www.imdb.com/title/tt0082096/
511,https://www.imdb.com/title/tt0085859/
512,https://www.imdb.com/title/tt0079522/
513,https://www.imdb.com/title/tt0100150/
514,https://www.imdb.com/title/tt0040897/
515,https://www.imdb.com/title/tt0057115/
516,https://www.imdb.com/title/tt0077416/
517,https://www.imdb.com/title/tt0090967/
518,https://www.imdb.com/title/tt0061512/
519,https://www.imdb.com/title/tt0032553/
520,https://www.imdb.com/title/tt0038355/
521,https://www.imdb.com/title/tt0052618/
522,https://www.imdb.com/title/tt0083987/
523,https://www.imdb.com/title/tt0087553/
524,https://www.imdb.com/title/tt0089606/
525,https://www.imdb.com/title/tt0073341/
526,https://www.imdb.com/title/tt0117631/
527,https://www.imdb.com/title/tt0116743/
528,https://www.imdb.com/title/tt0116041/
529,https://www.imdb.com/title/tt0120366/
530,https://www.imdb.com/title/tt0118556/
531,https://www.imdb.com/title/tt0117359/
532,https://www.imdb.com/title/tt0102494/
533,https://www.imdb.com/title/tt0118617/
534,https://www.imdb.com/title/tt0119715/
535,https://www.imdb.com/title/tt0113845/
536,https://www.imdb.com/title/tt0113855/
537,https://www.imdb.com/title/tt0114148/
538,https://www.imdb.com/title/tt0113828/
539,https://www.imdb.com/title/tt0114660/
540,https://www.imdb.com/title/tt0114825/
541,https://www.imdb.com/title/tt0115759/
542,https://www.imdb.com/title/tt0115033/
543,https://www.imdb.com/title/tt0110647/
544,https://www.imdb.com/title/tt0114287/
545,https://www.imdb.com/title/tt0112864/
546,https://www.imdb.com/title/tt0113690/
547,https://www.imdb.com/title/tt0114508/
548,https://www.imdb.com/title/tt0114887/
549,https://www.imdb.com/title/tt0114898/
550,https://www.imdb.com/title/tt0114928/
551,https://www.imdb.com/title/tt0114938/
552,https://www.imdb.com/title/tt0109771/
553,https://www.imdb.com/title/tt0110005/
554,https://www.imdb.com/title/tt0110148/
555,https://www.imdb.com/title/tt0113538/
556,https://www.imdb.com/title/tt0109836/
557,https://www.imdb.com/title/tt0114214/
558,https://www.imdb.com/title/tt0112040/
559,https://www.imdb.com/title/tt0114609/
560,https://www.imdb.com/title/tt0114852/
561,https://www.imdb.com/title/tt0109444/
562,https://www.imdb.com/title/tt0111686/
563,https://www.imdb.com/title/tt0111257/
564,https://www.imdb.com/title/tt0111742/
565,https://www.imdb.com/title/tt0111756/
566,https://www.imdb.com/title/tt0106292/
567,https://www.imdb.com/title/tt0109303/
568,https://www.imdb.com/title/tt0106452/
569,https://www.imdb.com/title/tt0106471/
570,https://www.imdb.com/title/tt0109439/
571,https://www.imdb.com/title/tt0106582/
572,https://www.imdb.com/title/tt0106598/
573,https://www.imdb.com/title/tt0106697/
574,https://www.imdb.com/title/tt0106873/
575,https://www.imdb.com/title/tt0112966/
576,https://www.imdb.com/title/tt0107302/
577,https://www.imdb.com/title/tt0107822/
578,https://www.imdb.com/title/tt0107983/
579,https://www.imdb.com/title/tt0108071/
580,https://www.imdb.com/title/tt0108186/
581,https://www.imdb.com/title/tt0111400/
582,https://www.imdb.com/title/tt0107146/
583,https://www.imdb.com/title/tt0101414/
584,https://www.imdb.com/title/tt0065214/
585,https://www.imdb.com/title/tt0116514/
586,https://www.imdb.com/title/tt0117381/
587,https://www.imdb.com/title/tt0114736/
588,https://www.imdb.com/title/tt0108211/
589,https://www.imdb.com/title/tt0113280/
590,https://www.imdb.com/title/tt0116277/
591,https://www.imdb.com/title/tt0116583/
592,https://www.imdb.com/title/tt0116213/
593,https://www.imdb.com/title/tt0115680/
594,https://www.imdb.com/title/tt0106544/
595,https://www.imdb.com/title/tt0117496/
596,https://www.imdb.com/title/tt0035896/
597,https://www.imdb.com/title/tt0043278/
598,https://www.imdb.com/title/tt0047396/
599,https://www.imdb.com/title/tt0025316/
600,https://www.imdb.com/title/tt0037059/
601,https://www.imdb.com/title/tt0042192/
602,https://www.imdb.com/title/tt0032976/
603,https://www.imdb.com/title/tt0038109/
604,https://www.imdb.com/title/tt0042451/
605,https://www.imdb.com/title/tt0051658/
606,https://www.imdb.com/title/tt0037008/
607,https://www.imdb.com/title/tt0029162/
608,https://www.imdb.com/title/tt0028010/
609,https://www.imdb.com/title/tt0049261/
610,https://www.imdb.com/title/tt0026029/
611,https://www.imdb.com/title/tt0063350/
612,https://www.imdb.com/title/tt0020697/
613,https://www.imdb.com/title/tt0048491/
614,https://www.imdb.com/title/tt0116259/
615,https://www.imdb.com/title/tt0115862/
616,https://www.imdb.com/title/tt0047977/
617,https://www.imdb.com/title/tt0054357/
618,https://www.imdb.com/title/tt0109127/
619,https://www.imdb.com/title/tt0038166/
620,https://www.imdb.com/title/tt0057546/
621,https://www.imdb.com/title/tt0041890/
622,https://www.imdb.com/title/tt0102798/
623,https://www.imdb.com/title/tt0117665/
624,https://www.imdb.com/title/tt0084865/
625,https://www.imdb.com/title/tt0059243/
626,https://www.imdb.com/title/tt0104036/
627,https://www.imdb.com/title/tt0084707/
628,https://www.imdb.com/title/tt0029992/
629,https://www.imdb.com/title/tt0117040/
630,https://www.imdb.com/title/tt0080749/
631,https://www.imdb.com/title/tt0082340/
632,https://www.imdb.com/title/tt0082533/
633,https://www.imdb.com/title/tt0084589/
634,https://www.imdb.com/title/tt0078875/
635,https://www.imdb.com/title/tt0097108/
636,https://www.imdb.com/title/tt0050825/
637,https://www.imdb.com/title/tt0099703/
638,https://www.imdb.com/title/tt0110139/
639,https://www.imdb.com/title/tt0096257/
640,https://www.imdb.com/title/tt0100332/
641,https://www.imdb.com/title/tt0064116/
642,https://www.imdb.com/title/tt0089881/
643,https://www.imdb.com/title/tt0045061/
644,https://www.imdb.com/title/tt0087843/
645,https://www.imdb.com/title/tt0050976/
646,https://www.imdb.com/title/tt0097441/
647,https://www.imdb.com/title/tt0100519/
648,https://www.imdb.com/title/tt0052311/
649,https://www.imdb.com/title/tt0071315/
650,https://www.imdb.com/title/tt0092005/
651,https://www.imdb.com/title/tt0022100/
652,https://www.imdb.com/title/tt0056218/
653,https://www.imdb.com/title/tt0100436/
654,https://www.imdb.com/title/tt0036613/
655,https://www.imdb.com/title/tt0101921/
656,https://www.imdb.com/title/tt0044706/
657,https://www.imdb.com/title/tt0081534/
658,https://www.imdb.com/title/tt0078841/
659,https://www.imdb.com/title/tt0087884/
660,https://www.imdb.com/title/tt0103644/
661,https://www.imdb.com/title/tt0071233/
662,https://www.imdb.com/title/tt0075704/
663,https://www.imdb.com/title/tt0082083/
664,https://www.imdb.com/title/tt0101492/
665,https://www.imdb.com/title/tt0026138/
666,https://www.imdb.com/title/tt0103919/
667,https://www.imdb.com/title/tt0055824/
668,https://www.imdb.com/title/tt0083722/
669,https://www.imdb.com/title/tt0013442/
670,https://www.imdb.com/title/tt0115988/
671,https://www.imdb.com/title/tt0116310/
672,https://www.imdb.com/title/tt0120461/
673,https://www.imdb.com/title/tt0082198/
674,https://www.imdb.com/title/tt0120524/
675,https://www.imdb.com/title/tt0119345/
676,https://www.imdb.com/title/tt0120029/
677,https://www.imdb.com/title/tt0107206/
678,https://www.imdb.com/title/tt0116253/
679,https://www.imdb.com/title/tt0107808/
680,https://www.imdb.com/title/tt0119640/
681,https://www.imdb.com/title/tt0119509/
682,https://www.imdb.com/title/tt0119395/
683,https://www.imdb.com/title/tt0120102/
684,https://www.imdb.com/title/tt0118929/
685,https://www.imdb.com/title/tt0112346/
686,https://www.imdb.com/title/tt0112641/
687,https://www.imdb.com/title/tt0114117/
688,https://www.imdb.com/title/tt0113537/
689,https://www.imdb.com/title/tt0115907/
690,https://www.imdb.com/title/tt0112461/
691,https://www.imdb.com/title/tt0109340/
692,https://www.imdb.com/title/tt0110367/
693,https://www.imdb.com/title/tt0113808/
694,https://www.imdb.com/title/tt0107472/
695,https://www.imdb.com/title/tt0109219/
696,https://www.imdb.com/title/tt0111712/
697,https://www.imdb.com/title/tt0107151/
698,https://www.imdb.com/title/tt0045152/
699,https://www.imdb.com/title/tt0115610/
700,https://www.imdb.com/title/tt0101811/
701,https://www.imdb.com/title/tt0098724/
702,https://www.imdb.com/title/tt0105488/
703,https://www.imdb.com/title/tt0088794/
704,https://www.imdb.com/title/tt0117773/
705,https://www.imdb.com/title/tt0094155/
706,https://www.imdb.com/title/tt0114057/
707,https://www.imdb.com/title/tt0112637/
708,https://www.imdb.com/title/tt0114681/
709,https://www.imdb.com/title/tt0113321/
710,https://www.imdb.com/title/tt0116731/
711,https://www.imdb.com/title/tt0113403/
712,https://www.imdb.com/title/tt0109370/
713,https://www.imdb.com/title/tt0113071/
714,https://www.imdb.com/title/tt0113749/
715,https://www.imdb.com/title/tt0113986/
716,https://www.imdb.com/title/tt0112571/
717,https://www.imdb.com/title/tt0112679/
718,https://www.imdb.com/title/tt0109758/
719,https://www.imdb.com/title/tt0113089/
720,https://www.imdb.com/title/tt0110116/
721,https://www.imdb.com/title/tt0110216/
722,https://www.imdb.com/title/tt0110638/
723,https://www.imdb.com/title/tt0110963/
724,https://www.imdb.com/title/tt0109484/
725,https://www.imdb.com/title/tt0106673/
726,https://www.imdb.com/title/tt0109913/
727,https://www.imdb.com/title/tt0107478/
728,https://www.imdb.com/title/tt0107818/
729,https://www.imdb.com/title/tt0108101/
730,https://www.imdb.com/title/tt0111201/
731,https://www.imdb.com/title/tt0111418/
732,https://www.imdb.com/title/tt0100405/
733,https://www.imdb.com/title/tt0116684/
734,https://www.imdb.com/title/tt0113613/
735,https://www.imdb.com/title/tt0117438/
736,https://www.imdb.com/title/tt0115986/
737,https://www.imdb.com/title/tt0117039/
738,https://www.imdb.com/title/tt0069198/
739,https://www.imdb.com/title/tt0089886/
740,https://www.imdb.com/title/tt0106387/
741,https://www.imdb.com/title/tt0120053/
742,https://www.imdb.com/title/tt0119632/
743,https://www.imdb.com/title/tt0118607/
744,https://www.imdb.com/title/tt0120347/
745,https://www.imdb.com/title/tt0120008/
746,https://www.imdb.com/title/tt0111579/
747,https://www.imdb.com/title/tt0119994/
748,https://www.imdb.com/title/tt0113497/
749,https://www.imdb.com/title/tt0113041/
750,https://www.imdb.com/title/tt0112286/
751,https://www.imdb.com/title/tt0116839/
752,https://www.imdb.com/title/tt0113010/
753,https://www.imdb.com/title/tt0114367/
754,https://www.imdb.com/title/tt0113972/
755,https://www.imdb.com/title/tt0115639/
756,https://www.imdb.com/title/tt0116483/
757,https://www.imdb.com/title/tt0116606/
758,https://www.imdb.com/title/tt0103859/
759,https://www.imdb.com/title/tt0113756/
760,https://www.imdb.com/title/tt0112288/
761,https://www.imdb.com/title/tt0112642/
762,https://www.imdb.com/title/tt0112715/
763,https://www.imdb.com/title/tt0112857/
764,https://www.imdb.com/title/tt0113481/
765,https://www.imdb.com/title/tt0113540/
766,https://www.imdb.com/title/tt0110604/
767,https://www.imdb.com/title/tt0114194/
768,https://www.imdb.com/title/tt0114496/
769,https://www.imdb.com/title/tt0114663/
770,https://www.imdb.com/title/tt0112643/
771,https://www.imdb.com/title/tt0112883/
772,https://www.imdb.com/title/tt0109676/
773,https://www.imdb.com/title/tt0109686/
774,https://www.imdb.com/title/tt0113117/
775,https://www.imdb.com/title/tt0110365/
776,https://www.imdb.com/title/tt0110516/
777,https://www.imdb.com/title/tt0106402/
778,https://www.imdb.com/title/tt0110737/
779,https://www.imdb.com/title/tt0114113/
780,https://www.imdb.com/title/tt0114296/
781,https://www.imdb.com/title/tt0110965/
782,https://www.imdb.com/title/tt0114594/
783,https://www.imdb.com/title/tt0114694/
784,https://www.imdb.com/title/tt0112435/
785,https://www.imdb.com/title/tt0109348/
786,https://www.imdb.com/title/tt0109504/
787,https://www.imdb.com/title/tt0110167/
788,https://www.imdb.com/title/tt0110989/
789,https://www.imdb.com/title/tt0111256/
790,https://www.imdb.com/title/tt0111438/
791,https://www.imdb.com/title/tt0112443/
792,https://www.imdb.com/title/tt0112570/
793,https://www.imdb.com/title/tt0113409/
794,https://www.imdb.com/title/tt0109067/
795,https://www.imdb.com/title/tt0107076/
796,https://www.imdb.com/title/tt0107096/
797,https://www.imdb.com/title/tt0110197/
798,https://www.imdb.com/title/tt0107507/
799,https://www.imdb.com/title/tt0107554/
800,https://www.imdb.com/title/tt0107840/
801,https://www.imdb.com/title/tt0107889/
802,https://www.imdb.com/title/tt0107969/
803,https://www.imdb.com/title/tt0111143/
804,https://www.imdb.com/title/tt0108328/
805,https://www.imdb.com/title/tt0109120/
806,https://www.imdb.com/title/tt0112651/
807,https://www.imdb.com/title/tt0109934/
808,https://www.imdb.com/title/tt0117247/
809,https://www.imdb.com/title/tt0112625/
810,https://www.imdb.com/title/tt0113122/
811,https://www.imdb.com/title/tt0116414/
812,https://www.imdb.com/title/tt0116168/
813,https://www.imdb.com/title/tt0117705/
814,https://www.imdb.com/title/tt0117104/
815,https://www.imdb.com/title/tt0062952/
816,https://www.imdb.com/title/tt0117107/
817,https://www.imdb.com/title/tt0116448/
818,https://www.imdb.com/title/tt0115571/
819,https://www.imdb.com/title/tt0117331/
820,https://www.imdb.com/title/tt0116040/
821,https://www.imdb.com/title/tt0115493/
822,https://www.imdb.com/title/tt0116320/
823,https://www.imdb.com/title/tt0114170/
824,https://www.imdb.com/title/tt0116225/
825,https://www.imdb.com/title/tt0115725/
826,https://www.imdb.com/title/tt0115783/
827,https://www.imdb.com/title/tt0113253/
828,https://www.imdb.com/title/tt0025164/
829,https://www.imdb.com/title/tt0031725/
830,https://www.imdb.com/title/tt0033891/
831,https://www.imdb.com/title/tt0095337/
832,https://www.imdb.com/title/tt0113682/
833,https://www.imdb.com/title/tt0116830/
834,https://www.imdb.com/title/tt0116421/
835,https://www.imdb.com/title/tt0054195/
836,https://www.imdb.com/title/tt0053271/
837,https://www.imdb.com/title/tt0116361/
838,https://www.imdb.com/title/tt0117887/
839,https://www.imdb.com/title/tt0117924/
840,https://www.imdb.com/title/tt0116913/
841,https://www.imdb.com/title/tt0037101/
842,https://www.imdb.com/title/tt0099371/
843,https://www.imdb.com/title/tt0117320/
844,https://www.imdb.com/title/tt0060304/
845,https://www.imdb.com/title/tt0115715/
846,https://www.imdb.com/title/tt0103873/
847,https://www.imdb.com/title/tt0092610/
848,https://www.imdb.com/title/tt0082269/
849,https://www.imdb.com/title/tt0102536/
850,https://www.imdb.com/title/tt0114093/
851,https://www.imdb.com/title/tt0115535/
852,https://www.imdb.com/title/tt0090655/
853,https://www.imdb.com/title/tt0092632/
854,https://www.imdb.com/title/tt0091651/
855,https://www.imdb.com/title/tt0116705/
856,https://www.imdb.com/title/tt0065777/
857,https://www.imdb.com/title/tt0117119/
858,https://www.imdb.com/title/tt0117038/
859,https://www.imdb.com/title/tt0118163/
860,https://www.imdb.com/title/tt0116506/
861,https://www.imdb.com/title/tt0119141/
862,https://www.imdb.com/title/tt0120357/
863,https://www.imdb.com/title/tt0120434/
864,https://www.imdb.com/title/tt0119572/
865,https://www.imdb.com/title/tt0119896/
866,https://www.imdb.com/title/tt0118818/
867,https://www.imdb.com/title/tt0120112/
868,https://www.imdb.com/title/tt0119695/
869,https://www.imdb.com/title/tt0119086/
870,https://www.imdb.com/title/tt0120317/
871,https://www.imdb.com/title/tt0119874/
872,https://www.imdb.com/title/tt0120169/
873,https://www.imdb.com/title/tt0120481/
874,https://www.imdb.com/title/tt0120303/
875,https://www.imdb.com/title/tt0120539/
876,https://www.imdb.com/title/tt0119891/
877,https://www.imdb.com/title/tt0119535/
878,https://www.imdb.com/title/tt0119080/
879,https://www.imdb.com/title/tt0119832/
880,https://www.imdb.com/title/tt0120275/
881,https://www.imdb.com/title/tt0119707/
882,https://www.imdb.com/title/tt0118698/
883,https://www.imdb.com/title/tt0119137/
884,https://www.imdb.com/title/tt0119142/
885,https://www.imdb.com/title/tt0119303/
886,https://www.imdb.com/title/tt0120082/
887,https://www.imdb.com/title/tt0120255/
888,https://www.imdb.com/title/tt0128755/
889,https://www.imdb.com/title/tt0119925/
890,https://www.imdb.com/title/tt0120521/
891,https://www.imdb.com/title/tt0119485/
892,https://www.imdb.com/title/tt0119718/
893,https://www.imdb.com/title/tt0118715/
894,https://www.imdb.com/title/tt0118566/
895,https://www.imdb.com/title/tt0119590/
896,https://www.imdb.com/title/tt0119223/
897,https://www.imdb.com/title/tt0119843/
898,https://www.imdb.com/title/tt0120881/
899,https://www.imdb.com/title/tt0120693/
900,https://www.imdb.com/title/tt0118892/
901,https://www.imdb.com/title/tt0119792/
902,https://www.imdb.com/title/tt0119594/
903,https://www.imdb.com/title/tt0120873/
904,https://www.imdb.com/title/tt0119574/
905,https://www.imdb.com/title/tt0120890/
906,https://www.imdb.com/title/tt0119942/
907,https://www.imdb.com/title/tt0120738/
908,https://www.imdb.com/title/tt0120749/
909,https://www.imdb.com/title/tt0120632/
910,https://www.imdb.com/title/tt0112682/
911,https://www.imdb.com/title/tt0114753/
912,https://www.imdb.com/title/tt0106332/
913,https://www.imdb.com/title/tt0112817/
914,https://www.imdb.com/title/tt0101640/
915,https://www.imdb.com/title/tt0118158/
916,https://www.imdb.com/title/tt0118040/
917,https://www.imdb.com/title/tt0116130/
918,https://www.imdb.com/title/tt0113083/
919,https://www.imdb.com/title/tt0115963/
920,https://www.imdb.com/title/tt0116493/
921,https://www.imdb.com/title/tt0115857/
922,https://www.imdb.com/title/tt0116654/
923,https://www.imdb.com/title/tt0116311/
924,https://www.imdb.com/title/tt0116378/
925,https://www.imdb.com/title/tt0117372/
926,https://www.imdb.com/title/tt0119859/
927,https://www.imdb.com/title/tt0115744/
928,https://www.imdb.com/title/tt0120323/
929,https://www.imdb.com/title/tt0120151/
930,https://www.imdb.com/title/tt0113870/
931,https://www.imdb.com/title/tt0109068/
932,https://www.imdb.com/title/tt0111732/
933,https://www.imdb.com/title/tt0108551/
934,https://www.imdb.com/title/tt0110265/
935,https://www.imdb.com/title/tt0110971/
936,https://www.imdb.com/title/tt0056923/
937,https://www.imdb.com/title/tt0082406/
938,https://www.imdb.com/title/tt0095250/
939,https://www.imdb.com/title/tt0118750/
940,https://www.imdb.com/title/tt0113347/
941,https://www.imdb.com/title/tt0113158/
942,https://www.imdb.com/title/tt0113419/
943,https://www.imdb.com/title/tt0112541/
944,https://www.imdb.com/title/tt0114798/
945,https://www.imdb.com/title/tt0114805/
946,https://www.imdb.com/title/tt0112471/
947,https://www.imdb.com/title/tt0110684/
948,https://www.imdb.com/title/tt0105652/
949,https://www.imdb.com/title/tt0110081/
950,https://www.imdb.com/title/tt0106677/
951,https://www.imdb.com/title/tt0107653/
952,https://www.imdb.com/title/tt0107756/
953,https://www.imdb.com/title/tt0108000/
954,https://www.imdb.com/title/tt0108181/
955,https://www.imdb.com/title/tt0113849/
956,https://www.imdb.com/title/tt0050419/
957,https://www.imdb.com/title/tt0050105/
958,https://www.imdb.com/title/tt0027893/
959,https://www.imdb.com/title/tt0041509/
960,https://www.imdb.com/title/tt0063819/
961,https://www.imdb.com/title/tt0102014/
962,https://www.imdb.com/title/tt0102426/
963,https://www.imdb.com/title/tt0105107/
964,https://www.imdb.com/title/tt0113212/
965,https://www.imdb.com/title/tt0116260/
966,https://www.imdb.com/title/tt0116287/
967,https://www.imdb.com/title/tt0117688/
968,https://www.imdb.com/title/tt0117774/
969,https://www.imdb.com/title/tt0116508/
970,https://www.imdb.com/title/tt0117965/
971,https://www.imdb.com/title/tt0117093/
972,https://www.imdb.com/title/tt0118927/
973,https://www.imdb.com/title/tt0117011/
974,https://www.imdb.com/title/tt0117473/
975,https://www.imdb.com/title/tt0120107/
976,https://www.imdb.com/title/tt0115710/
977,https://www.imdb.com/title/tt0120390/
978,https://www.imdb.com/title/tt0301971/
979,https://www.imdb.com/title/tt0118691/
980,https://www.imdb.com/title/tt0118829/
981,https://www.imdb.com/title/tt0118623/
982,https://www.imdb.com/title/tt0116762/
983,https://www.imdb.com/title/tt0116502/
984,https://www.imdb.com/title/tt0119282/
985,https://www.imdb.com/title/tt0119502/
986,https://www.imdb.com/title/tt0119465/
987,https://www.imdb.com/title/tt0112499/
988,https://www.imdb.com/title/tt0114571/
989,https://www.imdb.com/title/tt0109361/
990,https://www.imdb.com/title/tt0109443/
991,https://www.imdb.com/title/tt0110353/
992,https://www.imdb.com/title/tt0117768/
993,https://www.imdb.com/title/tt0119887/
994,https://www.imdb.com/title/tt0107004/
995,https://www.imdb.com/title/tt0101765/
996,https://www.imdb.com/title/tt0101458/
997,https://www.imdb.com/title/tt0118111/
998,https://www.imdb.com/title/tt0116594/
999,https://www.imdb.com/title/tt0117737/
1000,https://www.imdb.com/title/tt0115632/
1001,https://www.imdb.com/title/tt0115438/
1002,https://www.imdb.com/title/tt0119951/
1003,https://www.imdb.com/title/tt0118615/
1004,https://www.imdb.com/title/tt0120032/
1005,https://www.imdb.com/title/tt0120118/
1006,https://www.imdb.com/title/tt0118880/
1007,https://www.imdb.com/title/tt0117958/
1008,https://www.imdb.com/title/tt0101026/
1009,https://www.imdb.com/title/tt0097202/
1010,https://www.imdb.com/title/tt0036855/
1011,https://www.imdb.com/title/tt0056801/
1012,https://www.imdb.com/title/tt0119107/
1013,https://www.imdb.com/title/tt0119109/
1014,https://www.imdb.com/title/tt0119723/
1015,https://www.imdb.com/title/tt0119123/
1016,https://www.imdb.com/title/tt0123953/
1017,https://www.imdb.com/title/tt0114432/
1018,https://www.imdb.com/title/tt0113228/
1019,https://www.imdb.com/title/tt0113500/
1020,https://www.imdb.com/title/tt0106400/
1021,https://www.imdb.com/title/tt0110305/
1022,https://www.imdb.com/title/tt0110363/
1023,https://www.imdb.com/title/tt0116552/
1024,https://www.imdb.com/title/tt0117420/
1025,https://www.imdb.com/title/tt0106611/
1026,https://www.imdb.com/title/tt0101775/
1027,https://www.imdb.com/title/tt0084021/
1028,https://www.imdb.com/title/tt0119210/
1029,https://www.imdb.com/title/tt0116477/
1030,https://www.imdb.com/title/tt0118002/
1031,https://www.imdb.com/title/tt0113097/
1032,https://www.imdb.com/title/tt0113501/
1033,https://www.imdb.com/title/tt0114268/
1034,https://www.imdb.com/title/tt0110771/
1035,https://www.imdb.com/title/tt0106881/
1036,https://www.imdb.com/title/tt0107497/
1037,https://www.imdb.com/title/tt0117108/
1038,https://www.imdb.com/title/tt0117628/
1039,https://www.imdb.com/title/tt0116571/
1040,https://www.imdb.com/title/tt0039420/
1041,https://www.imdb.com/title/tt0115580/
1042,https://www.imdb.com/title/tt0112896/
1043,https://www.imdb.com/title/tt0114011/
1044,https://www.imdb.com/title/tt0117102/
1045,https://www.imdb.com/title/tt0111194/
1046,https://www.imdb.com/title/tt0104029/
1047,https://www.imdb.com/title/tt0117283/
1048,https://www.imdb.com/title/tt0111667/
1049,https://www.imdb.com/title/tt0116126/
1050,https://www.imdb.com/title/tt0115472/
1051,https://www.imdb.com/title/tt0116240/
1052,https://www.imdb.com/title/tt0119815/
1053,https://www.imdb.com/title/tt0113670/
1054,https://www.imdb.com/title/tt0039286/
1055,https://www.imdb.com/title/tt0085809/
1056,https://www.imdb.com/title/tt0112453/
1057,https://www.imdb.com/title/tt0115734/
1058,https://www.imdb.com/title/tt0114808/
1059,https://www.imdb.com/title/tt0109093/
1060,https://www.imdb.com/title/tt0113677/
1061,https://www.imdb.com/title/tt0114095/
1062,https://www.imdb.com/title/tt0114210/
1063,https://www.imdb.com/title/tt0111149/
1064,https://www.imdb.com/title/tt0110950/
1065,https://www.imdb.com/title/tt0110455/
1066,https://www.imdb.com/title/tt0110763/
1067,https://www.imdb.com/title/tt0110395/
1068,https://www.imdb.com/title/tt0095776/
1069,https://www.imdb.com/title/tt0116707/
1070,https://www.imdb.com/title/tt0107537/
1071,https://www.imdb.com/title/tt0115994/
1072,https://www.imdb.com/title/tt0116293/
1073,https://www.imdb.com/title/tt0115495/
1074,https://www.imdb.com/title/tt0112373/
1075,https://www.imdb.com/title/tt0115837/
1076,https://www.imdb.com/title/tt0113443/
1077,https://www.imdb.com/title/tt0112536/
1078,https://www.imdb.com/title/tt0119013/
1079,https://www.imdb.com/title/tt0120179/
1080,https://www.imdb.com/title/tt0108162/
1081,https://www.imdb.com/title/tt0076538/
1082,https://www.imdb.com/title/tt0116059/
1083,https://www.imdb.com/title/tt0113674/
1084,https://www.imdb.com/title/tt0117891/
1085,https://www.imdb.com/title/tt0116531/
1086,https://www.imdb.com/title/tt0115927/
1087,https://www.imdb.com/title/tt0113247/
1088,https://www.imdb.com/title/tt0116324/
1089,https://www.imdb.com/title/tt0110769/
1090,https://www.imdb.com/title/tt0111689/
1091,https://www.imdb.com/title/tt0108149/
1092,https://www.imdb.com/title/tt0118001/
1093,https://www.imdb.com/title/tt0103130/
1094,https://www.imdb.com/title/tt0103905/
1095,https://www.imdb.com/title/tt0120670/
1096,https://www.imdb.com/title/tt0120769/
1097,https://www.imdb.com/title/tt0112495/
1098,https://www.imdb.com/title/tt0113044/
1099,https://www.imdb.com/title/tt0109579/
1100,https://www.imdb.com/title/tt0114614/
1101,https://www.imdb.com/title/tt0109655/
1102,https://www.imdb.com/title/tt0109450/
1103,https://www.imdb.com/title/tt0110588/
1104,https://www.imdb.com/title/tt0116269/
1105,https://www.imdb.com/title/tt0117991/
1106,https://www.imdb.com/title/tt0032762/
1107,https://www.imdb.com/title/tt0117791/
1108,https://www.imdb.com/title/tt0078446/
1109,https://www.imdb.com/title/tt0094006/
1110,https://www.imdb.com/title/tt0116601/
1111,https://www.imdb.com/title/tt0058450/
1112,https://www.imdb.com/title/tt0032022/
1113,https://www.imdb.com/title/tt0047162/
1114,https://www.imdb.com/title/tt0022879/
1115,https://www.imdb.com/title/tt0055018/
1116,https://www.imdb.com/title/tt0052027/
1117,https://www.imdb.com/title/tt0120382/
1118,https://www.imdb.com/title/tt0113283/
1119,https://www.imdb.com/title/tt0109424/
1120,https://www.imdb.com/title/tt0110217/
1121,https://www.imdb.com/title/tt0114323/
1122,https://www.imdb.com/title/tt0116289/
1123,https://www.imdb.com/title/tt0072951/
1124,https://www.imdb.com/title/tt0116404/
1125,https://www.imdb.com/title/tt0101761/
1126,https://www.imdb.com/title/tt0116410/
1127,https://www.imdb.com/title/tt0115640/
1128,https://www.imdb.com/title/tt0118702/
1129,https://www.imdb.com/title/tt0113243/
1130,https://www.imdb.com/title/tt0111001/
1131,https://www.imdb.com/title/tt0108515/
1132,https://www.imdb.com/title/tt0118147/
1133,https://www.imdb.com/title/tt0119256/
1134,https://www.imdb.com/title/tt0117422/
1135,https://www.imdb.com/title/tt0109305/
1136,https://www.imdb.com/title/tt0106505/
1137,https://www.imdb.com/title/tt0113896/
1138,https://www.imdb.com/title/tt0111454/
1139,https://www.imdb.com/title/tt0067959/
1140,https://www.imdb.com/title/tt0116827/
1141,https://www.imdb.com/title/tt0117260/
1142,https://www.imdb.com/title/tt0116621/
1143,https://www.imdb.com/title/tt0106339/
1144,https://www.imdb.com/title/tt0058898/
1145,https://www.imdb.com/title/tt0114266/
1146,https://www.imdb.com/title/tt0112767/
1147,https://www.imdb.com/title/tt0120004/
1148,https://www.imdb.com/title/tt0113057/
1149,https://www.imdb.com/title/tt0079944/
1150,https://www.imdb.com/title/tt0119578/
1151,https://www.imdb.com/title/tt0117284/
1152,https://www.imdb.com/title/tt0117332/
1153,https://www.imdb.com/title/tt0117364/
1154,https://www.imdb.com/title/tt0120550/
1155,https://www.imdb.com/title/tt0115676/
1156,https://www.imdb.com/title/tt0107447/
1157,https://www.imdb.com/title/tt0111309/
1158,https://www.imdb.com/title/tt0107426/
1159,https://www.imdb.com/title/tt0109842/
1160,https://www.imdb.com/title/tt0111252/
1161,https://www.imdb.com/title/tt0111019/
1162,https://www.imdb.com/title/tt0032143/
1163,https://www.imdb.com/title/tt0118742/
1164,https://www.imdb.com/title/tt0115847/
1165,https://www.imdb.com/title/tt0119327/
1166,https://www.imdb.com/title/tt0120490/
1167,https://www.imdb.com/title/tt0116151/
1168,https://www.imdb.com/title/tt0110443/
1169,https://www.imdb.com/title/tt0113755/
1170,https://www.imdb.com/title/tt0110093/
1171,https://www.imdb.com/title/tt0110399/
1172,https://www.imdb.com/title/tt0109480/
1173,https://www.imdb.com/title/tt0109493/
1174,https://www.imdb.com/title/tt0109729/
1175,https://www.imdb.com/title/tt0110123/
1176,https://www.imdb.com/title/tt0110137/
1177,https://www.imdb.com/title/tt0073778/
1178,https://www.imdb.com/title/tt0100994/
1179,https://www.imdb.com/title/tt0119937/
1180,https://www.imdb.com/title/tt0120318/
1181,https://www.imdb.com/title/tt0119521/
1182,https://www.imdb.com/title/tt0106473/
1183,https://www.imdb.com/title/tt0110882/
1184,https://www.imdb.com/title/tt0110729/
1185,https://www.imdb.com/title/tt0106966/
1186,https://www.imdb.com/title/tt0105032/
1187,https://www.imdb.com/title/tt0116275/
1188,https://www.imdb.com/title/tt0054189/
1189,https://www.imdb.com/title/tt0109592/
1190,https://www.imdb.com/title/tt0042644/
1191,https://www.imdb.com/title/tt0116992/
1192,https://www.imdb.com/title/tt0109255/
1193,https://www.imdb.com/title/tt0027125/
1194,https://www.imdb.com/title/tt0035446/
1195,https://www.imdb.com/title/tt0117582/
1196,https://www.imdb.com/title/tt0106266/
1197,https://www.imdb.com/title/tt0113451/
1198,https://www.imdb.com/title/tt0113552/
1199,https://www.imdb.com/title/tt0110538/
1200,https://www.imdb.com/title/tt0114857/
1201,https://www.imdb.com/title/tt0109306/
1202,https://www.imdb.com/title/tt0106926/
1203,https://www.imdb.com/title/tt0107057/
1204,https://www.imdb.com/title/tt0074102/
1205,https://www.imdb.com/title/tt0115624/
1206,https://www.imdb.com/title/tt0116783/
1207,https://www.imdb.com/title/tt0112401/
1208,https://www.imdb.com/title/tt0113118/
1209,https://www.imdb.com/title/tt0113198/
1210,https://www.imdb.com/title/tt0113305/
1211,https://www.imdb.com/title/tt0111693/
1212,https://www.imdb.com/title/tt0107286/
1213,https://www.imdb.com/title/tt0107322/
1214,https://www.imdb.com/title/tt0111094/
1215,https://www.imdb.com/title/tt0112368/
1216,https://www.imdb.com/title/tt0119783/
1217,https://www.imdb.com/title/tt0112427/
1218,https://www.imdb.com/title/tt0114781/
1219,https://www.imdb.com/title/tt0114151/
1220,https://www.imdb.com/title/tt0110907/
1221,https://www.imdb.com/title/tt0100114/
1222,https://www.imdb.com/title/tt0102370/
1223,https://www.imdb.com/title/tt0117221/
1224,https://www.imdb.com/title/tt0118836/
1225,https://www.imdb.com/title/tt0898266/
1226,https://www.imdb.com/title/tt0119845/
1227,https://www.imdb.com/title/tt0117994/
1228,https://www.imdb.com/title/tt0118230/
1229,https://www.imdb.com/title/tt0112760/
1230,https://www.imdb.com/title/tt0113568/
1231,https://www.imdb.com/title/tt0118064/
1232,https://www.imdb.com/title/tt0103207/
1233,https://www.imdb.com/title/tt0119784/
1234,https://www.imdb.com/title/tt0119664/
1235,https://www.imdb.com/title/tt0119225/
1236,https://www.imdb.com/title/tt0112602/
1237,https://www.imdb.com/title/tt0109198/
1238,https://www.imdb.com/title/tt0109297/
1239,https://www.imdb.com/title/tt0106941/
1240,https://www.imdb.com/title/tt0112483/
1241,https://www.imdb.com/title/tt0117050/
1242,https://www.imdb.com/title/tt0057345/
1243,https://www.imdb.com/title/tt0114666/
1244,https://www.imdb.com/title/tt0119214/
1245,https://www.imdb.com/title/tt0115760/
1246,https://www.imdb.com/title/tt0118964/
1247,https://www.imdb.com/title/tt0120373/
1248,https://www.imdb.com/title/tt0114131/
1249,https://www.imdb.com/title/tt0114702/
1250,https://www.imdb.com/title/tt0114307/
1251,https://www.imdb.com/title/tt0118113/
1252,https://www.imdb.com/title/tt0116353/
1253,https://www.imdb.com/title/tt0110693/
1254,https://www.imdb.com/title/tt0120197/
1255,https://www.imdb.com/title/tt0070506/
1256,https://www.imdb.com/title/tt0112688/
1257,https://www.imdb.com/title/tt0104779/
1258,https://www.imdb.com/title/tt0050658/
1259,https://www.imdb.com/title/tt0107413/
1260,https://www.imdb.com/title/tt0110687/
1261,https://www.imdb.com/title/tt0111357/
1262,https://www.imdb.com/title/tt0109456/
1263,https://www.imdb.com/title/tt0107978/
1264,https://www.imdb.com/title/tt0110259/
1265,https://www.imdb.com/title/tt0117784/
1266,https://www.imdb.com/title/tt0117603/
1267,https://www.imdb.com/title/tt0120094/
1268,https://www.imdb.com/title/tt0120512/
1269,https://www.imdb.com/title/tt0118900/
1270,https://www.imdb.com/title/tt0116985/
1271,https://www.imdb.com/title/tt0113211/
1272,https://www.imdb.com/title/tt0119848/
1273,https://www.imdb.com/title/tt0115645/
1274,https://www.imdb.com/title/tt0110892/
1275,https://www.imdb.com/title/tt0029546/
1276,https://www.imdb.com/title/tt0116165/
1277,https://www.imdb.com/title/tt0112844/
1278,https://www.imdb.com/title/tt0113448/
1279,https://www.imdb.com/title/tt0109491/
1280,https://www.imdb.com/title/tt0115851/
1281,https://www.imdb.com/title/tt0120133/
1282,https://www.imdb.com/title/tt0120478/
1283,https://www.imdb.com/title/tt0118662/
1284,https://www.imdb.com/title/tt0119457/
1285,https://www.imdb.com/title/tt0116631/
1286,https://www.imdb.com/title/tt0110391/
1287,https://www.imdb.com/title/tt0045537/
1288,https://www.imdb.com/title/tt0034012/
1289,https://www.imdb.com/title/tt0118523/
1290,https://www.imdb.com/title/tt0083131/
1291,https://www.imdb.com/title/tt0116834/
1292,https://www.imdb.com/title/tt0109890/
1293,https://www.imdb.com/title/tt0117169/
1294,https://www.imdb.com/title/tt0113936/
1295,https://www.imdb.com/title/tt0109593/
1296,https://www.imdb.com/title/tt0109381/
1297,https://www.imdb.com/title/tt0109191/
1298,https://www.imdb.com/title/tt0072362/
1299,https://www.imdb.com/title/tt0038235/
1300,https://www.imdb.com/title/tt0114885/
1301,https://www.imdb.com/title/tt0117357/
1302,https://www.imdb.com/title/tt0120782/
1303,https://www.imdb.com/title/tt0111323/
1304,https://www.imdb.com/title/tt0119381/
1305,https://www.imdb.com/title/tt0119314/
1306,https://www.imdb.com/title/tt0113490/
1307,https://www.imdb.com/title/tt0112646/
1308,https://www.imdb.com/title/tt0113952/
1309,https://www.imdb.com/title/tt0113319/
1310,https://www.imdb.com/title/tt0114047/
1311,https://www.imdb.com/title/tt0107642/
1312,https://www.imdb.com/title/tt0111752/
1313,https://www.imdb.com/title/tt0110374/
1314,https://www.imdb.com/title/tt0115591/
1315,https://www.imdb.com/title/tt0115742/
1316,https://www.imdb.com/title/tt0109374/
1317,https://www.imdb.com/title/tt0110712/
1318,https://www.imdb.com/title/tt0125877/
1319,https://www.imdb.com/title/tt0111546/
1320,https://www.imdb.com/title/tt0113610/
1321,https://www.imdb.com/title/tt0106810/
1322,https://www.imdb.com/title/tt0111180/
1323,https://www.imdb.com/title/tt0111237/
1324,https://www.imdb.com/title/tt0115530/
1325,https://www.imdb.com/title/tt0116756/
1326,https://www.imdb.com/title/tt0116823/
1327,https://www.imdb.com/title/tt0117999/
1328,https://www.imdb.com/title/tt0108220/
1329,https://www.imdb.com/title/tt0112746/
1330,https://www.imdb.com/title/tt0104403/
1331,https://www.imdb.com/title/tt0112716/
1332,https://www.imdb.com/title/tt0113695/
1333,https://www.imdb.com/title/tt0108148/
1334,https://www.imdb.com/title/tt0111424/
1335,https://www.imdb.com/title/tt0104109/
1336,https://www.imdb.com/title/tt0051980/
1337,https://www.imdb.com/title/tt0100840/
1338,https://www.imdb.com/title/tt0107575/
1339,https://www.imdb.com/title/tt0042054/
1340,https://www.imdb.com/title/tt0116934/
1341,https://www.imdb.com/title/tt0075169/
1342,https://www.imdb.com/title/tt0109001/
1343,https://www.imdb.com/title/tt0105729/
1344,https://www.imdb.com/title/tt0116635/
1345,https://www.imdb.com/title/tt0116167/
1346,https://www.imdb.com/title/tt0109823/
1347,https://www.imdb.com/title/tt0117879/
1348,https://www.imdb.com/title/tt0211986/
1349,https://www.imdb.com/title/tt0111622/
1350,https://www.imdb.com/title/tt0117577/
1351,https://www.imdb.com/title/tt0115531/
1352,https://www.imdb.com/title/tt0116859/
1353,https://www.imdb.com/title/tt0115684/
1354,https://www.imdb.com/title/tt0107274/
1355,https://www.imdb.com/title/tt0110173/
1356,https://www.imdb.com/title/tt0109781/
1357,https://www.imdb.com/title/tt0110521/
1358,https://www.imdb.com/title/tt0042354/
1359,https://www.imdb.com/title/tt0110171/
1360,https://www.imdb.com/title/tt0110425/
1361,https://www.imdb.com/title/tt0123281/
1362,https://www.imdb.com/title/tt0067152/
1363,https://www.imdb.com/title/tt0080714/
1364,https://www.imdb.com/title/tt0106535/
1365,https://www.imdb.com/title/tt0119644/
1366,https://www.imdb.com/title/tt0116565/
1367,https://www.imdb.com/title/tt0120014/
1368,https://www.imdb.com/title/tt0116931/
1369,https://www.imdb.com/title/tt0113314/
1370,https://www.imdb.com/title/tt0116920/
1371,https://www.imdb.com/title/tt0058985/
1372,https://www.imdb.com/title/tt0120087/
1373,https://www.imdb.com/title/tt0120034/
1374,https://www.imdb.com/title/tt0105569/
1375,https://www.imdb.com/title/tt0119098/
1376,https://www.imdb.com/title/tt0116384/
1377,https://www.imdb.com/title/tt0117076/
1378,https://www.imdb.com/title/tt0113425/
1379,https://www.imdb.com/title/tt0116334/
1380,https://www.imdb.com/title/tt0119557/
1381,https://www.imdb.com/title/tt0120192/
1382,https://www.imdb.com/title/tt0120257/
1383,https://www.imdb.com/title/tt0119338/
1384,https://www.imdb.com/title/tt0114550/
1385,https://www.imdb.com/title/tt0025586/
1386,https://www.imdb.com/title/tt0115548/
1387,https://www.imdb.com/title/tt0120222/
1388,https://www.imdb.com/title/tt0114129/
1389,https://www.imdb.com/title/tt0107468/
1390,https://www.imdb.com/title/tt0107225/
1391,https://www.imdb.com/title/tt0109382/
1392,https://www.imdb.com/title/tt0094336/
1393,https://www.imdb.com/title/tt0118762/
1394,https://www.imdb.com/title/tt0114916/
1395,https://www.imdb.com/title/tt0111255/
1396,https://www.imdb.com/title/tt0113199/
1397,https://www.imdb.com/title/tt0111333/
1398,https://www.imdb.com/title/tt0139340/
1399,https://www.imdb.com/title/tt0062711/
1400,https://www.imdb.com/title/tt0113596/
1401,https://www.imdb.com/title/tt0111301/
1402,https://www.imdb.com/title/tt0112702/
1403,https://www.imdb.com/title/tt0110657/
1404,https://www.imdb.com/title/tt0110678/
1405,https://www.imdb.com/title/tt0105660/
1406,https://www.imdb.com/title/tt0107282/
1407,https://www.imdb.com/title/tt0110027/
1408,https://www.imdb.com/title/tt0078155/
1409,https://www.imdb.com/title/tt0107566/
1410,https://www.imdb.com/title/tt0108260/
1411,https://www.imdb.com/title/tt0114888/
1412,https://www.imdb.com/title/tt0110091/
1413,https://www.imdb.com/title/tt0110097/
1414,https://www.imdb.com/title/tt0116442/
1415,https://www.imdb.com/title/tt0112907/
1416,https://www.imdb.com/title/tt0120238/
1417,https://www.imdb.com/title/tt0120148/
1418,https://www.imdb.com/title/tt0119352/
1419,https://www.imdb.com/title/tt0130073/
1420,https://www.imdb.com/title/tt0119670/
1421,https://www.imdb.com/title/tt0119655/
1422,https://www.imdb.com/title/tt0120122/
1423,https://www.imdb.com/title/tt0114536/
1424,https://www.imdb.com/title/tt0107611/
1425,https://www.imdb.com/title/tt0110064/
1426,https://www.imdb.com/title/tt0114084/
1427,https://www.imdb.com/title/tt0110186/
1428,https://www.imdb.com/title/tt0109035/
1429,https://www.imdb.com/title/tt0113851/
1430,https://www.imdb.com/title/tt0114345/
1431,https://www.imdb.com/title/tt0109021/
1432,https://www.imdb.com/title/tt0059793/
1433,https://www.imdb.com/title/tt0110296/
1434,https://www.imdb.com/title/tt0112606/
1435,https://www.imdb.com/title/tt0106537/
1436,https://www.imdb.com/title/tt0107471/
1437,https://www.imdb.com/title/tt0048473/
1438,https://www.imdb.com/title/tt0039428/
1439,https://www.imdb.com/title/tt0032484/
1440,https://www.imdb.com/title/tt0036094/
1441,https://www.imdb.com/title/tt0038300/
1442,https://www.imdb.com/title/tt0039152/
1443,https://www.imdb.com/title/tt0036241/
1444,https://www.imdb.com/title/tt0046414/
1445,https://www.imdb.com/title/tt0116928/
1446,https://www.imdb.com/title/tt0028757/
1447,https://www.imdb.com/title/tt0113731/
1448,https://www.imdb.com/title/tt0114472/
1449,https://www.imdb.com/title/tt0026465/
1450,https://www.imdb.com/title/tt0118100/
1451,https://www.imdb.com/title/tt0118764/
1452,https://www.imdb.com/title/tt0114534/
1453,https://www.imdb.com/title/tt0113612/
1454,https://www.imdb.com/title/tt0113774/
1455,https://www.imdb.com/title/tt0108026/
1456,https://www.imdb.com/title/tt0112757/
1457,https://www.imdb.com/title/tt0112302/
1458,https://www.imdb.com/title/tt0113234/
1459,https://www.imdb.com/title/tt0113303/
1460,https://www.imdb.com/title/tt0108500/
1461,https://www.imdb.com/title/tt0031580/
1462,https://www.imdb.com/title/tt0110671/
1463,https://www.imdb.com/title/tt0106408/
1464,https://www.imdb.com/title/tt0040723/
1465,https://www.imdb.com/title/tt0119791/
1466,https://www.imdb.com/title/tt0112819/
1467,https://www.imdb.com/title/tt0114241/
1468,https://www.imdb.com/title/tt0071607/
1469,https://www.imdb.com/title/tt0111048/
1470,https://www.imdb.com/title/tt0113147/
1471,https://www.imdb.com/title/tt0120744/
1472,https://www.imdb.com/title/tt0110189/
1473,https://www.imdb.com/title/tt0109454/
1474,https://www.imdb.com/title/tt0113173/
1475,https://www.imdb.com/title/tt0106834/
1476,https://www.imdb.com/title/tt0107002/
1477,https://www.imdb.com/title/tt0109403/
1478,https://www.imdb.com/title/tt0106878/
1479,https://www.imdb.com/title/tt0114706/
1480,https://www.imdb.com/title/tt0110719/
1481,https://www.imdb.com/title/tt0113839/
1482,https://www.imdb.com/title/tt0110570/
1483,https://www.imdb.com/title/tt0113080/
1484,https://www.imdb.com/title/tt0115836/
1485,https://www.imdb.com/title/tt0116886/
1486,https://www.imdb.com/title/tt0113031/
1487,https://www.imdb.com/title/tt0109942/
1488,https://www.imdb.com/title/tt0117550/
1489,https://www.imdb.com/title/tt0116754/
1490,https://www.imdb.com/title/tt0110623/
1491,https://www.imdb.com/title/tt0113188/
1492,https://www.imdb.com/title/tt0113542/
1493,https://www.imdb.com/title/tt0113947/
1494,https://www.imdb.com/title/tt0117968/
1495,https://www.imdb.com/title/tt0112438/
1496,https://www.imdb.com/title/tt0109891/
1497,https://www.imdb.com/title/tt0116953/
1498,https://www.imdb.com/title/tt0115886/
1499,https://www.imdb.com/title/tt0052572/
1500,https://www.imdb.com/title/tt0120190/
1501,https://www.imdb.com/title/tt0119019/
1502,https://www.imdb.com/title/tt0114952/
1503,https://www.imdb.com/title/tt0111709/
1504,https://www.imdb.com/title/tt0117427/
1505,https://www.imdb.com/title/tt0113691/
1506,https://www.imdb.com/title/tt0113967/
1507,https://www.imdb.com/title/tt0113043/
1508,https://www.imdb.com/title/tt0107613/
1509,https://www.imdb.com/title/tt0111488/
1510,https://www.imdb.com/title/tt0109920/
1511,https://www.imdb.com/title/tt0110246/
1512,https://www.imdb.com/title/tt0120772/
1513,https://www.imdb.com/title/tt0090329/
1514,https://www.imdb.com/title/tt0120820/
1515,https://www.imdb.com/title/tt0119809/
1516,https://www.imdb.com/title/tt0114787/
1517,https://www.imdb.com/title/tt0113463/
1518,https://www.imdb.com/title/tt0113028/
1519,https://www.imdb.com/title/tt0109828/
1520,https://www.imdb.com/title/tt0106678/
1521,https://www.imdb.com/title/tt0120394/
1522,https://www.imdb.com/title/tt0109731/
1523,https://www.imdb.com/title/tt0109066/
1524,https://www.imdb.com/title/tt0115951/
1525,https://www.imdb.com/title/tt0118586/
1526,https://www.imdb.com/title/tt0106379/
1527,https://www.imdb.com/title/tt0112342/
1528,https://www.imdb.com/title/tt0109226/
1529,https://www.imdb.com/title/tt0017350/
1530,https://www.imdb.com/title/tt0116714/
1531,https://www.imdb.com/title/tt0113442/
1532,https://www.imdb.com/title/tt0113107/
1533,https://www.imdb.com/title/tt0094878/
1534,https://www.imdb.com/title/tt0114435/
1535,https://www.imdb.com/title/tt0112727/
1536,https://www.imdb.com/title/tt0112899/
1537,https://www.imdb.com/title/tt0112854/
1538,https://www.imdb.com/title/tt0109906/
1539,https://www.imdb.com/title/tt0113360/
1540,https://www.imdb.com/title/tt0114788/
1541,https://www.imdb.com/title/tt0111054/
1542,https://www.imdb.com/title/tt0108069/
1543,https://www.imdb.com/title/tt0112712/
1544,https://www.imdb.com/title/tt0111787/
1545,https://www.imdb.com/title/tt0048956/
1546,https://www.imdb.com/title/tt0110061/
1547,https://www.imdb.com/title/tt0082206/
1548,https://www.imdb.com/title/tt0111430/
1549,https://www.imdb.com/title/tt0107727/
1550,https://www.imdb.com/title/tt0111613/
1551,https://www.imdb.com/title/tt0103095/
1552,https://www.imdb.com/title/tt0104046/
1553,https://www.imdb.com/title/tt0031612/
1554,https://www.imdb.com/title/tt0103926/
1555,https://www.imdb.com/title/tt0105737/
1556,https://www.imdb.com/title/tt0094265/
1557,https://www.imdb.com/title/tt0105201/
1558,https://www.imdb.com/title/tt0070820/
1559,https://www.imdb.com/title/tt0084898/
1560,https://www.imdb.com/title/tt0063715/
1561,https://www.imdb.com/title/tt0114122/
1562,https://www.imdb.com/title/tt0100990/
1563,https://www.imdb.com/title/tt0093199/
1564,https://www.imdb.com/title/tt0049521/
1565,https://www.imdb.com/title/tt0061495/
1566,https://www.imdb.com/title/tt0094822/
1567,https://www.imdb.com/title/tt0024252/
1568,https://www.imdb.com/title/tt0043140/
1569,https://www.imdb.com/title/tt0039881/
1570,https://www.imdb.com/title/tt0092281/
1571,https://www.imdb.com/title/tt0039004/
1572,https://www.imdb.com/title/tt0099028/
1573,https://www.imdb.com/title/tt0104684/
1574,https://www.imdb.com/title/tt0052287/
1575,https://www.imdb.com/title/tt0117544/
1576,https://www.imdb.com/title/tt0117561/
1577,https://www.imdb.com/title/tt0112951/
1578,https://www.imdb.com/title/tt0112913/
1579,https://www.imdb.com/title/tt0159177/
1580,https://www.imdb.com/title/tt0101692/
1581,https://www.imdb.com/title/tt0120661/
1582,https://www.imdb.com/title/tt0111173/
1583,https://www.imdb.com/title/tt0113948/
1584,https://www.imdb.com/title/tt0105275/
1585,https://www.imdb.com/title/tt0118859/
1586,https://www.imdb.com/title/tt0114494/
1587,https://www.imdb.com/title/tt0109949/
1588,https://www.imdb.com/title/tt0119819/
1589,https://www.imdb.com/title/tt0120793/
1590,https://www.imdb.com/title/tt0112364/
1591,https://www.imdb.com/title/tt0040427/
1592,https://www.imdb.com/title/tt0116930/
1593,https://www.imdb.com/title/tt0118787/
1594,https://www.imdb.com/title/tt0118663/
1595,https://www.imdb.com/title/tt0120383/
1596,https://www.imdb.com/title/tt0116643/
1597,https://www.imdb.com/title/tt0116845/
1598,https://www.imdb.com/title/tt0114690/
1599,https://www.imdb.com/title/tt0052126/
1600,https://www.imdb.com/title/tt0120479/
1601,https://www.imdb.com/title/tt0112849/
1602,https://www.imdb.com/title/tt0099939/
1603,https://www.imdb.com/title/tt0113720/
1604,https://www.imdb.com/title/tt0120142/
1605,https://www.imdb.com/title/tt0112604/
1606,https://www.imdb.com/title/tt0107779/
1607,https://www.imdb.com/title/tt0112769/
1608,https://www.imdb.com/title/tt0118744/
1609,https://www.imdb.com/title/tt0110251/
1610,https://www.imdb.com/title/tt0114936/
1611,https://www.imdb.com/title/tt0110299/
1612,https://www.imdb.com/title/tt0113973/
1613,https://www.imdb.com/title/tt0111055/
1614,https://www.imdb.com/title/tt0107349/
1615,https://www.imdb.com/title/tt0114671/
1616,https://www.imdb.com/title/tt0109028/
1617,https://www.imdb.com/title/tt0109751/
1618,https://www.imdb.com/title/tt0092123/
1619,https://www.imdb.com/title/tt0112586/
1620,https://www.imdb.com/title/tt0116418/
1621,https://www.imdb.com/title/tt0117202/
1622,https://www.imdb.com/title/tt0115600/
1623,https://www.imdb.com/title/tt0116581/
1624,https://www.imdb.com/title/tt0112777/
1625,https://www.imdb.com/title/tt0117690/
1626,https://www.imdb.com/title/tt0112362/
1627,https://www.imdb.com/title/tt0117775/
1628,https://www.imdb.com/title/tt0118804/
1629,https://www.imdb.com/title/tt0119657/
1630,https://www.imdb.com/title/tt0119250/
1631,https://www.imdb.com/title/tt0119780/
1632,https://www.imdb.com/title/tt0124295/
1633,https://www.imdb.com/title/tt0120176/
1634,https://www.imdb.com/title/tt0116295/
1635,https://www.imdb.com/title/tt0116212/
1636,https://www.imdb.com/title/tt0109783/
1637,https://www.imdb.com/title/tt0119548/
1638,https://www.imdb.com/title/tt0114618/
1639,https://www.imdb.com/title/tt0116405/
1640,https://www.imdb.com/title/tt0114474/
1641,https://www.imdb.com/title/tt0110649/
1642,https://www.imdb.com/title/tt0114303/
1643,https://www.imdb.com/title/tt0114007/
1644,https://www.imdb.com/title/tt0118541/
1645,https://www.imdb.com/title/tt0118783/
1646,https://www.imdb.com/title/tt0117482/
1647,https://www.imdb.com/title/tt0113968/
1648,https://www.imdb.com/title/tt0118127/
1649,https://www.imdb.com/title/tt0116949/
1650,https://www.imdb.com/title/tt0128690/
1651,https://www.imdb.com/title/tt0116379/
1652,https://www.imdb.com/title/tt0107315/
1653,https://www.imdb.com/title/tt0113827/
1654,https://www.imdb.com/title/tt0056215/
1655,https://www.imdb.com/title/tt0117781/
1656,https://www.imdb.com/title/tt0118117/
1657,https://www.imdb.com/title/tt0114592/
1658,https://www.imdb.com/title/tt0119711/
1659,https://www.imdb.com/title/tt0120594/
1660,https://www.imdb.com/title/tt0111804/
1661,https://www.imdb.com/title/tt0102855/
